clase(init+radio+pop),dataset,hyper_volume
cmdscaleMean+0.1+10,glass,3.73379168990835
cmdscaleMean+0.1+10,iris,3.29415097403797
cmdscaleMean+0.1+10,diabetes,3.17218623053591
cmdscalePca+0.1+10,glass,3.58017384147058
cmdscalePca+0.1+10,iris,2.71377603088059
cmdscalePca+0.1+10,diabetes,3.53203031705843
cmdscaleMean+0.1+10,glass,3.21021895041202
cmdscaleMean+0.1+10,iris,3.73951075877752
cmdscaleMean+0.1+10,diabetes,3.67023776956612
cmdscalePca+0.1+10,glass,2.7946192021128
cmdscalePca+0.1+10,iris,3.36058162940277
cmdscalePca+0.1+10,diabetes,3.53085652470947
cmdscaleMean+0.1+10,glass,3.16977450666435
cmdscaleMean+0.1+10,iris,3.73319693320079
cmdscaleMean+0.1+10,diabetes,3.64933558069575
cmdscalePca+0.1+10,glass,3.61538106297383
cmdscalePca+0.1+10,iris,3.60399018388292
cmdscalePca+0.1+10,diabetes,3.54594791185424
cmdscaleMean+0.1+10,glass,3.1758270527118
cmdscaleMean+0.1+10,iris,3.70044315147789
cmdscaleMean+0.1+10,diabetes,3.33388720295964
cmdscalePca+0.1+10,glass,2.88705574190873
cmdscalePca+0.1+10,iris,3.37512441662645
cmdscalePca+0.1+10,diabetes,2.78918619952484
cmdscaleMean+0.1+10,glass,2.95221289887105
cmdscaleMean+0.1+10,iris,3.71456083877108
cmdscaleMean+0.1+10,diabetes,3.30241379259597
cmdscalePca+0.1+10,glass,3.37901400864674
cmdscalePca+0.1+10,iris,2.83497628724981
cmdscalePca+0.1+10,diabetes,3.32978149092859
cmdscaleMean+0.1+10,glass,3.2024834018726
cmdscaleMean+0.1+10,iris,3.7485739259788
cmdscaleMean+0.1+10,diabetes,3.69364399366681
cmdscalePca+0.1+10,glass,3.56273246512872
cmdscalePca+0.1+10,iris,3.52550345967779
cmdscalePca+0.1+10,diabetes,3.52784327000023
cmdscaleMean+0.1+10,glass,2.94338851969945
cmdscaleMean+0.1+10,iris,3.73512420541995
cmdscaleMean+0.1+10,diabetes,3.7237469266318
cmdscalePca+0.1+10,glass,3.6021017616837
cmdscalePca+0.1+10,iris,3.03595863541564
cmdscalePca+0.1+10,diabetes,3.54699565446719
cmdscaleMean+0.1+10,glass,3.14731121210698
cmdscaleMean+0.1+10,iris,3.22188636917112
cmdscaleMean+0.1+10,diabetes,3.29741960106446
cmdscalePca+0.1+10,glass,3.60155523583046
cmdscalePca+0.1+10,iris,2.67678617692658
cmdscalePca+0.1+10,diabetes,3.53796748919488
cmdscaleMean+0.1+10,glass,3.71910079255344
cmdscaleMean+0.1+10,iris,3.30595317850409
cmdscaleMean+0.1+10,diabetes,3.68953446564345
cmdscalePca+0.1+10,glass,3.42874793401028
cmdscalePca+0.1+10,iris,3.55781602435041
cmdscalePca+0.1+10,diabetes,3.54572904497979
cmdscaleMean+0.1+10,glass,3.75736204501494
cmdscaleMean+0.1+10,iris,3.66942867063327
cmdscaleMean+0.1+10,diabetes,3.33431028587311
cmdscalePca+0.1+10,glass,3.59694100885223
cmdscalePca+0.1+10,iris,3.47887642758999
cmdscalePca+0.1+10,diabetes,3.52466593383885
cmdscaleMean+0.1+10,glass,3.71906852745477
cmdscaleMean+0.1+10,iris,3.73565133760589
cmdscaleMean+0.1+10,diabetes,3.72744756922628
cmdscalePca+0.1+10,glass,3.51100106800571
cmdscalePca+0.1+10,iris,3.46504695846458
cmdscalePca+0.1+10,diabetes,3.52020432088988
cmdscaleMean+0.2+10,glass,3.73711623229143
cmdscaleMean+0.2+10,iris,3.75053974677461
cmdscaleMean+0.2+10,diabetes,3.31690788229986
cmdscalePca+0.2+10,glass,3.52945023000506
cmdscalePca+0.2+10,iris,3.50576945465129
cmdscalePca+0.2+10,diabetes,3.54597276062837
cmdscaleMean+0.2+10,glass,3.74973052665531
cmdscaleMean+0.2+10,iris,3.73449248465212
cmdscaleMean+0.2+10,diabetes,3.71335484367225
cmdscalePca+0.2+10,glass,3.59650326927118
cmdscalePca+0.2+10,iris,3.60441117057087
cmdscalePca+0.2+10,diabetes,3.52752286135569
cmdscaleMean+0.2+10,glass,3.74628043497979
cmdscaleMean+0.2+10,iris,3.73766517888621
cmdscaleMean+0.2+10,diabetes,3.70591074915969
cmdscalePca+0.2+10,glass,3.61312142975343
cmdscalePca+0.2+10,iris,3.59369425579878
cmdscalePca+0.2+10,diabetes,3.51726610346115
cmdscaleMean+0.2+10,glass,3.74463998166715
cmdscaleMean+0.2+10,iris,3.27411285888023
cmdscaleMean+0.2+10,diabetes,3.68641443991142
cmdscalePca+0.2+10,glass,3.489397176173
cmdscalePca+0.2+10,iris,3.47819938836172
cmdscalePca+0.2+10,diabetes,3.59578557841725
cmdscaleMean+0.2+10,glass,3.75350989131486
cmdscaleMean+0.2+10,iris,3.75000569944321
cmdscaleMean+0.2+10,diabetes,3.6800549587897
cmdscalePca+0.2+10,glass,3.57657995812148
cmdscalePca+0.2+10,iris,3.45717128596414
cmdscalePca+0.2+10,diabetes,2.77032672701979
cmdscaleMean+0.2+10,glass,3.57156919849062
cmdscaleMean+0.2+10,iris,3.72976623702994
cmdscaleMean+0.2+10,diabetes,3.69895603314533
cmdscalePca+0.2+10,glass,3.53985400339177
cmdscalePca+0.2+10,iris,3.54659328016539
cmdscalePca+0.2+10,diabetes,3.52065802508001
cmdscaleMean+0.2+10,glass,3.73559460031886
cmdscaleMean+0.2+10,iris,3.74656516991097
cmdscaleMean+0.2+10,diabetes,3.22946463026273
cmdscalePca+0.2+10,glass,3.50309254332391
cmdscalePca+0.2+10,iris,3.59965183764187
cmdscalePca+0.2+10,diabetes,3.54008968913496
cmdscaleMean+0.2+10,glass,3.14491061001601
cmdscaleMean+0.2+10,iris,3.30096022430648
cmdscaleMean+0.2+10,diabetes,3.71846777295128
cmdscalePca+0.2+10,glass,3.57552646429124
cmdscalePca+0.2+10,iris,3.56117204744331
cmdscalePca+0.2+10,diabetes,3.5260063063516
cmdscaleMean+0.2+10,glass,3.59805152187997
cmdscaleMean+0.2+10,iris,3.71741760694712
cmdscaleMean+0.2+10,diabetes,3.65165311817833
cmdscalePca+0.2+10,glass,2.75212285749005
cmdscalePca+0.2+10,iris,3.49309239852882
cmdscalePca+0.2+10,diabetes,3.51929062636107
cmdscaleMean+0.2+10,glass,3.75013720192661
cmdscaleMean+0.2+10,iris,3.33440119748151
cmdscaleMean+0.2+10,diabetes,3.71296281935286
cmdscalePca+0.2+10,glass,3.62818477053351
cmdscalePca+0.2+10,iris,3.52616604520837
cmdscalePca+0.2+10,diabetes,3.53115005510725
cmdscaleMean+0.2+10,glass,3.75262308817116
cmdscaleMean+0.2+10,iris,3.74983414243392
cmdscaleMean+0.2+10,diabetes,3.15898645210009
cmdscalePca+0.2+10,glass,3.43247038573184
cmdscalePca+0.2+10,iris,3.56017480535192
cmdscalePca+0.2+10,diabetes,3.53984592002901
cmdscaleMean+0.3+10,glass,3.76223055236909
cmdscaleMean+0.3+10,iris,3.28838153216204
cmdscaleMean+0.3+10,diabetes,3.72374900350641
cmdscalePca+0.3+10,glass,3.45357404218691
cmdscalePca+0.3+10,iris,3.07309466766914
cmdscalePca+0.3+10,diabetes,3.53762394496168
cmdscaleMean+0.3+10,glass,3.75717863957784
cmdscaleMean+0.3+10,iris,3.3670529634984
cmdscaleMean+0.3+10,diabetes,3.37905378898703
cmdscalePca+0.3+10,glass,3.57046187419571
cmdscalePca+0.3+10,iris,3.52882651514969
cmdscalePca+0.3+10,diabetes,3.51483979670108
cmdscaleMean+0.3+10,glass,3.7465188782533
cmdscaleMean+0.3+10,iris,2.9842668314726
cmdscaleMean+0.3+10,diabetes,3.65926956391834
cmdscalePca+0.3+10,glass,3.51864120131859
cmdscalePca+0.3+10,iris,3.51713171332557
cmdscalePca+0.3+10,diabetes,3.54482562380575
cmdscaleMean+0.3+10,glass,3.75937951156529
cmdscaleMean+0.3+10,iris,3.74339978658034
cmdscaleMean+0.3+10,diabetes,3.36358653213379
cmdscalePca+0.3+10,glass,3.55184620945056
cmdscalePca+0.3+10,iris,2.9019695377833
cmdscalePca+0.3+10,diabetes,2.69134642245568
cmdscaleMean+0.3+10,glass,3.75147681977523
cmdscaleMean+0.3+10,iris,3.73145218644685
cmdscaleMean+0.3+10,diabetes,3.34214035476479
cmdscalePca+0.3+10,glass,3.39896154221262
cmdscalePca+0.3+10,iris,3.61265582175391
cmdscalePca+0.3+10,diabetes,3.51157555543656
cmdscaleMean+0.3+10,glass,3.75127551460616
cmdscaleMean+0.3+10,iris,3.21291057462403
cmdscaleMean+0.3+10,diabetes,3.72094036756647
cmdscalePca+0.3+10,glass,3.56144529135408
cmdscalePca+0.3+10,iris,3.53381965936883
cmdscalePca+0.3+10,diabetes,2.68881019308847
cmdscaleMean+0.3+10,glass,3.76269001705274
cmdscaleMean+0.3+10,iris,3.69232788053372
cmdscaleMean+0.3+10,diabetes,3.34558200808611
cmdscalePca+0.3+10,glass,3.45192279074634
cmdscalePca+0.3+10,iris,2.8280569701911
cmdscalePca+0.3+10,diabetes,3.55275456303442
cmdscaleMean+0.3+10,glass,3.13050896816807
cmdscaleMean+0.3+10,iris,3.31521950378493
cmdscaleMean+0.3+10,diabetes,3.31776977186342
cmdscalePca+0.3+10,glass,3.60083697364318
cmdscalePca+0.3+10,iris,2.82392156126215
cmdscalePca+0.3+10,diabetes,2.7570651094977
cmdscaleMean+0.3+10,glass,3.72840278502464
cmdscaleMean+0.3+10,iris,3.2204182331449
cmdscaleMean+0.3+10,diabetes,3.36132698827449
cmdscalePca+0.3+10,glass,3.54778371917465
cmdscalePca+0.3+10,iris,3.54363771624854
cmdscalePca+0.3+10,diabetes,2.68415525083673
cmdscaleMean+0.3+10,glass,3.29259050904514
cmdscaleMean+0.3+10,iris,3.73194738995734
cmdscaleMean+0.3+10,diabetes,3.6712460142269
cmdscalePca+0.3+10,glass,2.80470498272477
cmdscalePca+0.3+10,iris,2.83788707377697
cmdscalePca+0.3+10,diabetes,3.51523596727943
cmdscaleMean+0.3+10,glass,3.31468971851491
cmdscaleMean+0.3+10,iris,3.25085026442923
cmdscaleMean+0.3+10,diabetes,3.65051305775992
cmdscalePca+0.3+10,glass,3.57305559788059
cmdscalePca+0.3+10,iris,2.89555874729544
cmdscalePca+0.3+10,diabetes,2.81190439527398
cmdscaleMean+0.4+10,glass,3.77233292545179
cmdscaleMean+0.4+10,iris,3.73275531501342
cmdscaleMean+0.4+10,diabetes,3.38665530648075
cmdscalePca+0.4+10,glass,3.57967974598031
cmdscalePca+0.4+10,iris,3.54742681701739
cmdscalePca+0.4+10,diabetes,3.4752904020304
cmdscaleMean+0.4+10,glass,3.75950711587221
cmdscaleMean+0.4+10,iris,3.74598465577738
cmdscaleMean+0.4+10,diabetes,3.69112448102666
cmdscalePca+0.4+10,glass,3.19545760323461
cmdscalePca+0.4+10,iris,3.21158667868659
cmdscalePca+0.4+10,diabetes,3.51344991026099
cmdscaleMean+0.4+10,glass,3.74621492802236
cmdscaleMean+0.4+10,iris,3.71219135036275
cmdscaleMean+0.4+10,diabetes,3.71658587124036
cmdscalePca+0.4+10,glass,3.42233329140084
cmdscalePca+0.4+10,iris,3.3447808460508
cmdscalePca+0.4+10,diabetes,3.53123628024865
cmdscaleMean+0.4+10,glass,3.74657473975104
cmdscaleMean+0.4+10,iris,3.71288185596248
cmdscaleMean+0.4+10,diabetes,3.34050651139705
cmdscalePca+0.4+10,glass,2.83307903664357
cmdscalePca+0.4+10,iris,3.3363989993975
cmdscalePca+0.4+10,diabetes,2.93771870514311
cmdscaleMean+0.4+10,glass,3.76662514667674
cmdscaleMean+0.4+10,iris,3.31120280610141
cmdscaleMean+0.4+10,diabetes,3.688382692148
cmdscalePca+0.4+10,glass,3.36791095336714
cmdscalePca+0.4+10,iris,3.47936566251069
cmdscalePca+0.4+10,diabetes,3.54603581222973
cmdscaleMean+0.4+10,glass,3.76100635084746
cmdscaleMean+0.4+10,iris,3.36547372633291
cmdscaleMean+0.4+10,diabetes,3.08300269864774
cmdscalePca+0.4+10,glass,2.81523941833723
cmdscalePca+0.4+10,iris,3.61292742487536
cmdscalePca+0.4+10,diabetes,3.53512135642278
cmdscaleMean+0.4+10,glass,3.76448051874752
cmdscaleMean+0.4+10,iris,3.7389819731287
cmdscaleMean+0.4+10,diabetes,3.40081439173123
cmdscalePca+0.4+10,glass,3.5777193022264
cmdscalePca+0.4+10,iris,3.36517525011023
cmdscalePca+0.4+10,diabetes,3.54270393885718
cmdscaleMean+0.4+10,glass,3.34614724027903
cmdscaleMean+0.4+10,iris,3.41612839975176
cmdscaleMean+0.4+10,diabetes,3.42956454007113
cmdscalePca+0.4+10,glass,2.71928107551051
cmdscalePca+0.4+10,iris,2.76663126762861
cmdscalePca+0.4+10,diabetes,3.52212922547593
cmdscaleMean+0.4+10,glass,3.11631975570789
cmdscaleMean+0.4+10,iris,3.14444488121876
cmdscaleMean+0.4+10,diabetes,3.7021739477731
cmdscalePca+0.4+10,glass,3.55616615708216
cmdscalePca+0.4+10,iris,3.53307361318466
cmdscalePca+0.4+10,diabetes,3.48322705746896
cmdscaleMean+0.4+10,glass,3.33182306029565
cmdscaleMean+0.4+10,iris,3.74589296616605
cmdscaleMean+0.4+10,diabetes,3.66875897453213
cmdscalePca+0.4+10,glass,3.44040476669404
cmdscalePca+0.4+10,iris,3.59193852458909
cmdscalePca+0.4+10,diabetes,3.51620175906449
cmdscaleMean+0.4+10,glass,3.74659422811683
cmdscaleMean+0.4+10,iris,3.69286044836256
cmdscaleMean+0.4+10,diabetes,3.68597749414497
cmdscalePca+0.4+10,glass,3.46172544288743
cmdscalePca+0.4+10,iris,2.88954304662444
cmdscalePca+0.4+10,diabetes,3.3726772752004
cmdscaleMean+0.5+10,glass,3.75113055085353
cmdscaleMean+0.5+10,iris,3.73776644108387
cmdscaleMean+0.5+10,diabetes,3.67946962755892
cmdscalePca+0.5+10,glass,3.05019808438128
cmdscalePca+0.5+10,iris,3.37497540804824
cmdscalePca+0.5+10,diabetes,2.80498468980188
cmdscaleMean+0.5+10,glass,3.74913737574408
cmdscaleMean+0.5+10,iris,3.74932808713606
cmdscaleMean+0.5+10,diabetes,3.70995881861781
cmdscalePca+0.5+10,glass,3.17678031258954
cmdscalePca+0.5+10,iris,3.59277983554928
cmdscalePca+0.5+10,diabetes,3.5715291544645
cmdscaleMean+0.5+10,glass,3.38630085246561
cmdscaleMean+0.5+10,iris,3.7285529198812
cmdscaleMean+0.5+10,diabetes,3.71319169022479
cmdscalePca+0.5+10,glass,3.51624026933968
cmdscalePca+0.5+10,iris,3.54979639335567
cmdscalePca+0.5+10,diabetes,3.53363619387155
cmdscaleMean+0.5+10,glass,3.29694219532657
cmdscaleMean+0.5+10,iris,3.7278087779491
cmdscaleMean+0.5+10,diabetes,3.69601092643787
cmdscalePca+0.5+10,glass,2.8112060197218
cmdscalePca+0.5+10,iris,3.6397099626744
cmdscalePca+0.5+10,diabetes,3.56633766063863
cmdscaleMean+0.5+10,glass,3.72899324264085
cmdscaleMean+0.5+10,iris,3.75883282889036
cmdscaleMean+0.5+10,diabetes,3.67813658979127
cmdscalePca+0.5+10,glass,3.4783979009735
cmdscalePca+0.5+10,iris,2.5862870200244
cmdscalePca+0.5+10,diabetes,3.53169249077166
cmdscaleMean+0.5+10,glass,3.76781180874302
cmdscaleMean+0.5+10,iris,3.38248709646243
cmdscaleMean+0.5+10,diabetes,3.31818367031979
cmdscalePca+0.5+10,glass,3.39917482100292
cmdscalePca+0.5+10,iris,3.59662968409094
cmdscalePca+0.5+10,diabetes,3.50566104609252
cmdscaleMean+0.5+10,glass,3.39396025149073
cmdscaleMean+0.5+10,iris,3.42476780581158
cmdscaleMean+0.5+10,diabetes,3.375492986228
cmdscalePca+0.5+10,glass,3.56800689671333
cmdscalePca+0.5+10,iris,3.30942159905664
cmdscalePca+0.5+10,diabetes,2.84360058123972
cmdscaleMean+0.5+10,glass,3.73451192100389
cmdscaleMean+0.5+10,iris,3.73090735001231
cmdscaleMean+0.5+10,diabetes,3.69243133767769
cmdscalePca+0.5+10,glass,3.54376899828516
cmdscalePca+0.5+10,iris,3.56889857613522
cmdscalePca+0.5+10,diabetes,3.24420569856563
cmdscaleMean+0.5+10,glass,3.36151029280998
cmdscaleMean+0.5+10,iris,3.41578144484591
cmdscaleMean+0.5+10,diabetes,3.71636454061574
cmdscalePca+0.5+10,glass,3.55291640255701
cmdscalePca+0.5+10,iris,3.55277217945231
cmdscalePca+0.5+10,diabetes,3.55485455105024
cmdscaleMean+0.5+10,glass,3.7522858333715
cmdscaleMean+0.5+10,iris,3.72990929140054
cmdscaleMean+0.5+10,diabetes,3.69964980373099
cmdscalePca+0.5+10,glass,3.57821960179187
cmdscalePca+0.5+10,iris,3.48921509640321
cmdscalePca+0.5+10,diabetes,3.53128790497245
cmdscaleMean+0.5+10,glass,3.74582114028314
cmdscaleMean+0.5+10,iris,3.7317031958884
cmdscaleMean+0.5+10,diabetes,3.41092020619028
cmdscalePca+0.5+10,glass,3.07083354417618
cmdscalePca+0.5+10,iris,3.438008897842
cmdscalePca+0.5+10,diabetes,3.5298425859369
cmdscaleMean+0.6+10,glass,3.40690012437811
cmdscaleMean+0.6+10,iris,3.74230050767052
cmdscaleMean+0.6+10,diabetes,3.6457472902731
cmdscalePca+0.6+10,glass,3.12414172205421
cmdscalePca+0.6+10,iris,3.46916409477686
cmdscalePca+0.6+10,diabetes,3.50958817619758
cmdscaleMean+0.6+10,glass,3.69091096256487
cmdscaleMean+0.6+10,iris,3.70666759145345
cmdscaleMean+0.6+10,diabetes,3.71157439687478
cmdscalePca+0.6+10,glass,3.62155240901112
cmdscalePca+0.6+10,iris,3.49871365714659
cmdscalePca+0.6+10,diabetes,3.5401443493812
cmdscaleMean+0.6+10,glass,3.7159615313461
cmdscaleMean+0.6+10,iris,3.69110585517984
cmdscaleMean+0.6+10,diabetes,3.68459978212086
cmdscalePca+0.6+10,glass,3.46960240882007
cmdscalePca+0.6+10,iris,3.55283195667727
cmdscalePca+0.6+10,diabetes,3.51916708326872
cmdscaleMean+0.6+10,glass,3.73560629474731
cmdscaleMean+0.6+10,iris,3.30367084867808
cmdscaleMean+0.6+10,diabetes,3.66950377882633
cmdscalePca+0.6+10,glass,3.61247091199186
cmdscalePca+0.6+10,iris,3.60822660340664
cmdscalePca+0.6+10,diabetes,2.85752628617198
cmdscaleMean+0.6+10,glass,3.72513404779106
cmdscaleMean+0.6+10,iris,3.72823507896261
cmdscaleMean+0.6+10,diabetes,3.66373069534064
cmdscalePca+0.6+10,glass,3.60749986158662
cmdscalePca+0.6+10,iris,3.5601730569973
cmdscalePca+0.6+10,diabetes,3.52075553240245
cmdscaleMean+0.6+10,glass,3.73856186832576
cmdscaleMean+0.6+10,iris,3.43825435546824
cmdscaleMean+0.6+10,diabetes,3.72227820858977
cmdscalePca+0.6+10,glass,2.91179009445061
cmdscalePca+0.6+10,iris,3.61440418116613
cmdscalePca+0.6+10,diabetes,3.55202106351668
cmdscaleMean+0.6+10,glass,3.43757690872746
cmdscaleMean+0.6+10,iris,3.43402512992052
cmdscaleMean+0.6+10,diabetes,3.69866537323949
cmdscalePca+0.6+10,glass,3.54442625589669
cmdscalePca+0.6+10,iris,3.51196536048935
cmdscalePca+0.6+10,diabetes,3.52905877319036
cmdscaleMean+0.6+10,glass,3.54858244688906
cmdscaleMean+0.6+10,iris,3.34298364036391
cmdscaleMean+0.6+10,diabetes,3.43795771180994
cmdscalePca+0.6+10,glass,3.60831450030078
cmdscalePca+0.6+10,iris,3.38941381514797
cmdscalePca+0.6+10,diabetes,3.53269612494885
cmdscaleMean+0.6+10,glass,3.75240730017988
cmdscaleMean+0.6+10,iris,3.72328984080612
cmdscaleMean+0.6+10,diabetes,3.39426903329256
cmdscalePca+0.6+10,glass,3.54470396135421
cmdscalePca+0.6+10,iris,3.59439557267617
cmdscalePca+0.6+10,diabetes,3.52609933526206
cmdscaleMean+0.6+10,glass,3.32847735730846
cmdscaleMean+0.6+10,iris,3.75312085167407
cmdscaleMean+0.6+10,diabetes,3.65426594197217
cmdscalePca+0.6+10,glass,3.5838702058451
cmdscalePca+0.6+10,iris,3.62187862708574
cmdscalePca+0.6+10,diabetes,3.56007774446397
cmdscaleMean+0.6+10,glass,3.7538075361545
cmdscaleMean+0.6+10,iris,3.44023050212893
cmdscaleMean+0.6+10,diabetes,3.69797375335241
cmdscalePca+0.6+10,glass,3.53991584482638
cmdscalePca+0.6+10,iris,2.93841390885774
cmdscalePca+0.6+10,diabetes,3.53645501549674
cmdscaleMean+0.7+10,glass,3.75595081854883
cmdscaleMean+0.7+10,iris,3.71807945953169
cmdscaleMean+0.7+10,diabetes,3.68895300373479
cmdscalePca+0.7+10,glass,3.55603394588327
cmdscalePca+0.7+10,iris,3.37764620775211
cmdscalePca+0.7+10,diabetes,3.51315465552076
cmdscaleMean+0.7+10,glass,3.30995502504599
cmdscaleMean+0.7+10,iris,3.47517470760655
cmdscaleMean+0.7+10,diabetes,3.67689016649082
cmdscalePca+0.7+10,glass,3.60555742083996
cmdscalePca+0.7+10,iris,3.36013253986463
cmdscalePca+0.7+10,diabetes,3.51493598439803
cmdscaleMean+0.7+10,glass,3.73952926614075
cmdscaleMean+0.7+10,iris,3.41128003641622
cmdscaleMean+0.7+10,diabetes,3.40973276388272
cmdscalePca+0.7+10,glass,3.53429462687923
cmdscalePca+0.7+10,iris,3.52210757779265
cmdscalePca+0.7+10,diabetes,3.53362819071541
cmdscaleMean+0.7+10,glass,3.73254287694722
cmdscaleMean+0.7+10,iris,3.39603404191153
cmdscaleMean+0.7+10,diabetes,3.42014538074578
cmdscalePca+0.7+10,glass,3.49841163414906
cmdscalePca+0.7+10,iris,3.33903439866708
cmdscalePca+0.7+10,diabetes,3.52985511694791
cmdscaleMean+0.7+10,glass,3.27038014891713
cmdscaleMean+0.7+10,iris,3.47817070994069
cmdscaleMean+0.7+10,diabetes,3.29560559761057
cmdscalePca+0.7+10,glass,3.56364334190881
cmdscalePca+0.7+10,iris,3.33943488330176
cmdscalePca+0.7+10,diabetes,2.66060141559284
cmdscaleMean+0.7+10,glass,3.75287606570296
cmdscaleMean+0.7+10,iris,3.74545870130517
cmdscaleMean+0.7+10,diabetes,3.66883144757487
cmdscalePca+0.7+10,glass,3.58461493563573
cmdscalePca+0.7+10,iris,3.17662620975875
cmdscalePca+0.7+10,diabetes,3.50356595260819
cmdscaleMean+0.7+10,glass,3.3532878143132
cmdscaleMean+0.7+10,iris,3.73046368287438
cmdscaleMean+0.7+10,diabetes,3.29545363848069
cmdscalePca+0.7+10,glass,2.97697698901958
cmdscalePca+0.7+10,iris,3.52863154132032
cmdscalePca+0.7+10,diabetes,2.93341682353063
cmdscaleMean+0.7+10,glass,3.73067228876789
cmdscaleMean+0.7+10,iris,3.74710045947705
cmdscaleMean+0.7+10,diabetes,3.43985063430968
cmdscalePca+0.7+10,glass,3.60499082589366
cmdscalePca+0.7+10,iris,3.62207695367094
cmdscalePca+0.7+10,diabetes,3.19793763897321
cmdscaleMean+0.7+10,glass,3.75783885448519
cmdscaleMean+0.7+10,iris,3.7473278975296
cmdscaleMean+0.7+10,diabetes,3.68591971412331
cmdscalePca+0.7+10,glass,3.55838330089106
cmdscalePca+0.7+10,iris,2.9160000180256
cmdscalePca+0.7+10,diabetes,3.50360946531248
cmdscaleMean+0.7+10,glass,3.58753684470732
cmdscaleMean+0.7+10,iris,3.27457588680227
cmdscaleMean+0.7+10,diabetes,3.43302722892944
cmdscalePca+0.7+10,glass,3.59502527360143
cmdscalePca+0.7+10,iris,3.48425261513862
cmdscalePca+0.7+10,diabetes,3.55820622923998
cmdscaleMean+0.7+10,glass,3.42483260546125
cmdscaleMean+0.7+10,iris,3.45421452742606
cmdscaleMean+0.7+10,diabetes,3.69506517293041
cmdscalePca+0.7+10,glass,3.61445402740468
cmdscalePca+0.7+10,iris,3.56794852251872
cmdscalePca+0.7+10,diabetes,3.51237754919121
cmdscaleMean+0.8+10,glass,3.75059876013437
cmdscaleMean+0.8+10,iris,3.74176690672109
cmdscaleMean+0.8+10,diabetes,3.64539152925168
cmdscalePca+0.8+10,glass,3.57246427829529
cmdscalePca+0.8+10,iris,2.86882839032566
cmdscalePca+0.8+10,diabetes,3.54399338629357
cmdscaleMean+0.8+10,glass,3.68894662514538
cmdscaleMean+0.8+10,iris,3.75229869840804
cmdscaleMean+0.8+10,diabetes,3.67708743978318
cmdscalePca+0.8+10,glass,3.52321185412388
cmdscalePca+0.8+10,iris,3.66562176609488
cmdscalePca+0.8+10,diabetes,3.53977318098353
cmdscaleMean+0.8+10,glass,3.75730111685887
cmdscaleMean+0.8+10,iris,3.74668793976001
cmdscaleMean+0.8+10,diabetes,3.69004285556058
cmdscalePca+0.8+10,glass,2.61268226382618
cmdscalePca+0.8+10,iris,2.87664623037618
cmdscalePca+0.8+10,diabetes,3.53387954272729
cmdscaleMean+0.8+10,glass,3.71978457853467
cmdscaleMean+0.8+10,iris,3.72835989455075
cmdscaleMean+0.8+10,diabetes,3.61594075492418
cmdscalePca+0.8+10,glass,3.20498514621547
cmdscalePca+0.8+10,iris,3.47564380845388
cmdscalePca+0.8+10,diabetes,2.93511973132147
cmdscaleMean+0.8+10,glass,3.42853678672809
cmdscaleMean+0.8+10,iris,3.73211962339406
cmdscaleMean+0.8+10,diabetes,3.40148419960315
cmdscalePca+0.8+10,glass,3.60227874402512
cmdscalePca+0.8+10,iris,2.8438281082084
cmdscalePca+0.8+10,diabetes,3.54792645609266
cmdscaleMean+0.8+10,glass,3.4463912551733
cmdscaleMean+0.8+10,iris,3.72904071650124
cmdscaleMean+0.8+10,diabetes,3.71341100861399
cmdscalePca+0.8+10,glass,3.57721272684529
cmdscalePca+0.8+10,iris,3.44620391037445
cmdscalePca+0.8+10,diabetes,2.8237028033467
cmdscaleMean+0.8+10,glass,3.73878646421939
cmdscaleMean+0.8+10,iris,3.34161813180655
cmdscaleMean+0.8+10,diabetes,3.32768552703262
cmdscalePca+0.8+10,glass,3.53645897606024
cmdscalePca+0.8+10,iris,3.60495758046898
cmdscalePca+0.8+10,diabetes,2.78263528340038
cmdscaleMean+0.8+10,glass,3.75469931998932
cmdscaleMean+0.8+10,iris,3.74411407895308
cmdscaleMean+0.8+10,diabetes,3.6982862376828
cmdscalePca+0.8+10,glass,3.42073963157219
cmdscalePca+0.8+10,iris,3.61317006533205
cmdscalePca+0.8+10,diabetes,3.58062714497795
cmdscaleMean+0.8+10,glass,3.75119069744015
cmdscaleMean+0.8+10,iris,3.73635018223706
cmdscaleMean+0.8+10,diabetes,3.6530990586429
cmdscalePca+0.8+10,glass,3.49225415977665
cmdscalePca+0.8+10,iris,3.40024369251669
cmdscalePca+0.8+10,diabetes,3.51121404542388
cmdscaleMean+0.8+10,glass,3.745725305621
cmdscaleMean+0.8+10,iris,3.72517576303348
cmdscaleMean+0.8+10,diabetes,3.71855566004338
cmdscalePca+0.8+10,glass,3.6074090756837
cmdscalePca+0.8+10,iris,3.59380995721907
cmdscalePca+0.8+10,diabetes,3.4812552570634
cmdscaleMean+0.8+10,glass,3.74490690166077
cmdscaleMean+0.8+10,iris,3.70726450409546
cmdscaleMean+0.8+10,diabetes,3.25721736385621
cmdscalePca+0.8+10,glass,3.5820988823888
cmdscalePca+0.8+10,iris,3.19859124445475
cmdscalePca+0.8+10,diabetes,3.53284502062269
cmdscaleMean+0.9+10,glass,3.75436396862132
cmdscaleMean+0.9+10,iris,3.48693325163058
cmdscaleMean+0.9+10,diabetes,3.67106923624817
cmdscalePca+0.9+10,glass,3.53154084126901
cmdscalePca+0.9+10,iris,3.40175573095083
cmdscalePca+0.9+10,diabetes,3.58230437320728
cmdscaleMean+0.9+10,glass,3.37670449316914
cmdscaleMean+0.9+10,iris,3.47113418921223
cmdscaleMean+0.9+10,diabetes,3.44074044275308
cmdscalePca+0.9+10,glass,3.0511634676283
cmdscalePca+0.9+10,iris,3.5590537367101
cmdscalePca+0.9+10,diabetes,2.69814425167007
cmdscaleMean+0.9+10,glass,3.75016847825376
cmdscaleMean+0.9+10,iris,3.43671284184613
cmdscaleMean+0.9+10,diabetes,3.68906501310432
cmdscalePca+0.9+10,glass,3.47300544538774
cmdscalePca+0.9+10,iris,3.43999033547194
cmdscalePca+0.9+10,diabetes,3.50754013874816
cmdscaleMean+0.9+10,glass,3.43888681325713
cmdscaleMean+0.9+10,iris,3.7426588548713
cmdscaleMean+0.9+10,diabetes,3.3684438352134
cmdscalePca+0.9+10,glass,3.60618199809193
cmdscalePca+0.9+10,iris,3.55202055807274
cmdscalePca+0.9+10,diabetes,3.52331229587665
cmdscaleMean+0.9+10,glass,3.74131312169742
cmdscaleMean+0.9+10,iris,3.72135130699959
cmdscaleMean+0.9+10,diabetes,3.6982845251368
cmdscalePca+0.9+10,glass,3.58287419541858
cmdscalePca+0.9+10,iris,3.45656570620716
cmdscalePca+0.9+10,diabetes,3.56713781776063
cmdscaleMean+0.9+10,glass,3.74866799526643
cmdscaleMean+0.9+10,iris,3.71384887603074
cmdscaleMean+0.9+10,diabetes,3.69273470643666
cmdscalePca+0.9+10,glass,2.98095072848239
cmdscalePca+0.9+10,iris,3.53253644519053
cmdscalePca+0.9+10,diabetes,3.51576487079754
cmdscaleMean+0.9+10,glass,3.75454002544614
cmdscaleMean+0.9+10,iris,3.74545465196072
cmdscaleMean+0.9+10,diabetes,3.43164698453197
cmdscalePca+0.9+10,glass,3.43812134335366
cmdscalePca+0.9+10,iris,3.56491583337719
cmdscalePca+0.9+10,diabetes,2.73297210527149
cmdscaleMean+0.9+10,glass,3.70120776714105
cmdscaleMean+0.9+10,iris,3.75275008296969
cmdscaleMean+0.9+10,diabetes,3.70270132983506
cmdscalePca+0.9+10,glass,3.28533304414024
cmdscalePca+0.9+10,iris,3.57846278868835
cmdscalePca+0.9+10,diabetes,3.51196811325193
cmdscaleMean+0.9+10,glass,3.73876313068234
cmdscaleMean+0.9+10,iris,3.74412089518953
cmdscaleMean+0.9+10,diabetes,3.71956245880949
cmdscalePca+0.9+10,glass,3.59091172207986
cmdscalePca+0.9+10,iris,3.55184023638252
cmdscalePca+0.9+10,diabetes,3.52569445343062
cmdscaleMean+0.9+10,glass,3.74756116737825
cmdscaleMean+0.9+10,iris,3.71435587778213
cmdscaleMean+0.9+10,diabetes,3.40384673274503
cmdscalePca+0.9+10,glass,2.50944786552965
cmdscalePca+0.9+10,iris,3.59422888397888
cmdscalePca+0.9+10,diabetes,3.54875377710513
cmdscaleMean+0.9+10,glass,3.4905514832463
cmdscaleMean+0.9+10,iris,3.7362845674135
cmdscaleMean+0.9+10,diabetes,3.6692261459279
cmdscalePca+0.9+10,glass,3.5810505398593
cmdscalePca+0.9+10,iris,3.62377644655268
cmdscalePca+0.9+10,diabetes,2.69069967177983
cmdscaleMean+1+10,glass,3.74923426196436
cmdscaleMean+1+10,iris,3.32791840059287
cmdscaleMean+1+10,diabetes,3.70314411702987
cmdscalePca+1+10,glass,3.33773762333249
cmdscalePca+1+10,iris,3.27585415327585
cmdscalePca+1+10,diabetes,2.87597514648543
cmdscaleMean+1+10,glass,3.48529161539289
cmdscaleMean+1+10,iris,3.71926245389889
cmdscaleMean+1+10,diabetes,3.69621634305206
cmdscalePca+1+10,glass,3.43745766420803
cmdscalePca+1+10,iris,3.58513038371753
cmdscalePca+1+10,diabetes,3.5274635979636
cmdscaleMean+1+10,glass,3.44999907068558
cmdscaleMean+1+10,iris,3.71768338858
cmdscaleMean+1+10,diabetes,3.39399095488505
cmdscalePca+1+10,glass,3.29876985817584
cmdscalePca+1+10,iris,2.87862633133476
cmdscalePca+1+10,diabetes,3.53964755527569
cmdscaleMean+1+10,glass,3.74126399787911
cmdscaleMean+1+10,iris,3.74234090138551
cmdscaleMean+1+10,diabetes,3.44101223551268
cmdscalePca+1+10,glass,3.51204501819469
cmdscalePca+1+10,iris,3.54418459423856
cmdscalePca+1+10,diabetes,3.04112635833858
cmdscaleMean+1+10,glass,3.60776744108682
cmdscaleMean+1+10,iris,3.72797300934038
cmdscaleMean+1+10,diabetes,3.71391756875979
cmdscalePca+1+10,glass,3.53691380574011
cmdscalePca+1+10,iris,2.65489188956207
cmdscalePca+1+10,diabetes,3.54382974333065
cmdscaleMean+1+10,glass,3.39364775458266
cmdscaleMean+1+10,iris,3.3574730687108
cmdscaleMean+1+10,diabetes,3.43918068287104
cmdscalePca+1+10,glass,3.50988746240278
cmdscalePca+1+10,iris,3.61622356554204
cmdscalePca+1+10,diabetes,3.52639575409721
cmdscaleMean+1+10,glass,3.74810787571346
cmdscaleMean+1+10,iris,3.40453945328545
cmdscaleMean+1+10,diabetes,3.69260478374895
cmdscalePca+1+10,glass,3.5847666022413
cmdscalePca+1+10,iris,3.35076680887493
cmdscalePca+1+10,diabetes,3.54057889822079
cmdscaleMean+1+10,glass,3.72653333507113
cmdscaleMean+1+10,iris,3.73611751161048
cmdscaleMean+1+10,diabetes,3.65010967123011
cmdscalePca+1+10,glass,3.10492199297934
cmdscalePca+1+10,iris,3.38611032886621
cmdscalePca+1+10,diabetes,3.55095042234151
cmdscaleMean+1+10,glass,3.4839757573179
cmdscaleMean+1+10,iris,3.47589481426165
cmdscaleMean+1+10,diabetes,3.45727141586823
cmdscalePca+1+10,glass,3.63471383945853
cmdscalePca+1+10,iris,3.48369936495276
cmdscalePca+1+10,diabetes,2.68320152872588
cmdscaleMean+1+10,glass,3.74315215049656
cmdscaleMean+1+10,iris,3.16532621108589
cmdscaleMean+1+10,diabetes,3.41487664887687
cmdscalePca+1+10,glass,3.64957570431531
cmdscalePca+1+10,iris,3.45163820595931
cmdscalePca+1+10,diabetes,2.8582912481914
cmdscaleMean+1+10,glass,3.75566229005977
cmdscaleMean+1+10,iris,3.3847600944408
cmdscaleMean+1+10,diabetes,3.45298346268429
cmdscalePca+1+10,glass,3.00466704540201
cmdscalePca+1+10,iris,3.44783620442878
cmdscalePca+1+10,diabetes,2.91780945567076
cmdscaleMean+0.1+50,glass,3.78655492874568
cmdscaleMean+0.1+50,iris,3.78697467847929
cmdscaleMean+0.1+50,diabetes,3.75984978631925
cmdscalePca+0.1+50,glass,3.65707109086974
cmdscalePca+0.1+50,iris,3.65962150417583
cmdscalePca+0.1+50,diabetes,3.61846103048088
cmdscaleMean+0.1+50,glass,3.7873284146844
cmdscaleMean+0.1+50,iris,3.7848156118838
cmdscaleMean+0.1+50,diabetes,3.7641694719932
cmdscalePca+0.1+50,glass,3.55423216066438
cmdscalePca+0.1+50,iris,3.68903688572229
cmdscalePca+0.1+50,diabetes,3.60241880748913
cmdscaleMean+0.1+50,glass,3.79040017063178
cmdscaleMean+0.1+50,iris,3.78811666904282
cmdscaleMean+0.1+50,diabetes,3.76189278985299
cmdscalePca+0.1+50,glass,3.68662865127891
cmdscalePca+0.1+50,iris,3.46087152071596
cmdscalePca+0.1+50,diabetes,3.60850133725467
cmdscaleMean+0.1+50,glass,3.78563241314148
cmdscaleMean+0.1+50,iris,3.77875166907374
cmdscaleMean+0.1+50,diabetes,3.76209569473312
cmdscalePca+0.1+50,glass,3.6324976814035
cmdscalePca+0.1+50,iris,3.61504237909322
cmdscalePca+0.1+50,diabetes,3.612022589398
cmdscaleMean+0.1+50,glass,3.78802853596054
cmdscaleMean+0.1+50,iris,3.78749393628323
cmdscaleMean+0.1+50,diabetes,3.76507457760253
cmdscalePca+0.1+50,glass,3.69729676507851
cmdscalePca+0.1+50,iris,3.64820320469344
cmdscalePca+0.1+50,diabetes,3.61456886926152
cmdscaleMean+0.1+50,glass,3.79079631636707
cmdscaleMean+0.1+50,iris,3.78510294199536
cmdscaleMean+0.1+50,diabetes,3.76893901505548
cmdscalePca+0.1+50,glass,3.65425725110062
cmdscalePca+0.1+50,iris,3.68277081394745
cmdscalePca+0.1+50,diabetes,3.60082929698065
cmdscaleMean+0.1+50,glass,3.78755332620162
cmdscaleMean+0.1+50,iris,3.78413523228031
cmdscaleMean+0.1+50,diabetes,3.757425355695
cmdscalePca+0.1+50,glass,3.53272917075804
cmdscalePca+0.1+50,iris,3.50513482271839
cmdscalePca+0.1+50,diabetes,3.6106822361989
cmdscaleMean+0.1+50,glass,3.78715290324104
cmdscaleMean+0.1+50,iris,3.78667082825252
cmdscaleMean+0.1+50,diabetes,3.75966739236547
cmdscalePca+0.1+50,glass,3.65925052021162
cmdscalePca+0.1+50,iris,3.56670882468056
cmdscalePca+0.1+50,diabetes,3.61527497426633
cmdscaleMean+0.1+50,glass,3.78906999446325
cmdscaleMean+0.1+50,iris,3.79043184059062
cmdscaleMean+0.1+50,diabetes,3.76111131967457
cmdscalePca+0.1+50,glass,3.64373647703505
cmdscalePca+0.1+50,iris,3.71659473965883
cmdscalePca+0.1+50,diabetes,3.62254996470244
cmdscaleMean+0.1+50,glass,3.79010397801718
cmdscaleMean+0.1+50,iris,3.7866237351413
cmdscaleMean+0.1+50,diabetes,3.76083833323693
cmdscalePca+0.1+50,glass,3.62450127569382
cmdscalePca+0.1+50,iris,3.67465909034827
cmdscalePca+0.1+50,diabetes,3.63581249135347
cmdscaleMean+0.1+50,glass,3.78776897062585
cmdscaleMean+0.1+50,iris,3.78361232167762
cmdscaleMean+0.1+50,diabetes,3.75106976334365
cmdscalePca+0.1+50,glass,3.66050305034667
cmdscalePca+0.1+50,iris,3.69813488613972
cmdscalePca+0.1+50,diabetes,3.59177106828192
cmdscaleMean+0.2+50,glass,3.79148654163161
cmdscaleMean+0.2+50,iris,3.78940275287253
cmdscaleMean+0.2+50,diabetes,3.76433334670957
cmdscalePca+0.2+50,glass,3.66196166550765
cmdscalePca+0.2+50,iris,3.71705131195674
cmdscalePca+0.2+50,diabetes,3.62983980952527
cmdscaleMean+0.2+50,glass,3.78890367016018
cmdscaleMean+0.2+50,iris,3.78616774472782
cmdscaleMean+0.2+50,diabetes,3.77120326563723
cmdscalePca+0.2+50,glass,3.59430576961909
cmdscalePca+0.2+50,iris,3.71061537357341
cmdscalePca+0.2+50,diabetes,3.62884779746615
cmdscaleMean+0.2+50,glass,3.79214913178143
cmdscaleMean+0.2+50,iris,3.78438311062708
cmdscaleMean+0.2+50,diabetes,3.76557528209212
cmdscalePca+0.2+50,glass,3.65621979158685
cmdscalePca+0.2+50,iris,3.69612936340592
cmdscalePca+0.2+50,diabetes,3.61271960766069
cmdscaleMean+0.2+50,glass,3.79074999486977
cmdscaleMean+0.2+50,iris,3.78714841751886
cmdscaleMean+0.2+50,diabetes,3.77003152942148
cmdscalePca+0.2+50,glass,3.66853508656968
cmdscalePca+0.2+50,iris,3.65907550059283
cmdscalePca+0.2+50,diabetes,3.62536907818025
cmdscaleMean+0.2+50,glass,3.793097873154
cmdscaleMean+0.2+50,iris,3.78699232426686
cmdscaleMean+0.2+50,diabetes,3.76862679306344
cmdscalePca+0.2+50,glass,3.66685500069232
cmdscalePca+0.2+50,iris,3.72275498768354
cmdscalePca+0.2+50,diabetes,3.62397155058516
cmdscaleMean+0.2+50,glass,3.79123960086712
cmdscaleMean+0.2+50,iris,3.78581836904812
cmdscaleMean+0.2+50,diabetes,3.76497060344584
cmdscalePca+0.2+50,glass,3.65148550623942
cmdscalePca+0.2+50,iris,3.69177491802881
cmdscalePca+0.2+50,diabetes,3.62428847056347
cmdscaleMean+0.2+50,glass,3.79175359961823
cmdscaleMean+0.2+50,iris,3.78417107932465
cmdscaleMean+0.2+50,diabetes,3.76645341740488
cmdscalePca+0.2+50,glass,3.63682700754552
cmdscalePca+0.2+50,iris,3.44511775520224
cmdscalePca+0.2+50,diabetes,3.63271382650757
cmdscaleMean+0.2+50,glass,3.78822330490077
cmdscaleMean+0.2+50,iris,3.79258818721219
cmdscaleMean+0.2+50,diabetes,3.76091770966137
cmdscalePca+0.2+50,glass,3.6848598636116
cmdscalePca+0.2+50,iris,3.7183448377636
cmdscalePca+0.2+50,diabetes,3.63137735426686
cmdscaleMean+0.2+50,glass,3.79184735794424
cmdscaleMean+0.2+50,iris,3.78256569659925
cmdscaleMean+0.2+50,diabetes,3.76191823038132
cmdscalePca+0.2+50,glass,3.66277695543353
cmdscalePca+0.2+50,iris,3.65761315002037
cmdscalePca+0.2+50,diabetes,3.6215017169905
cmdscaleMean+0.2+50,glass,3.79415042310384
cmdscaleMean+0.2+50,iris,3.78462699828025
cmdscaleMean+0.2+50,diabetes,3.76230717207829
cmdscalePca+0.2+50,glass,3.58697746093495
cmdscalePca+0.2+50,iris,3.70228116071787
cmdscalePca+0.2+50,diabetes,3.61737204498703
cmdscaleMean+0.2+50,glass,3.79289605054725
cmdscaleMean+0.2+50,iris,3.78639500635205
cmdscaleMean+0.2+50,diabetes,3.77010893121699
cmdscalePca+0.2+50,glass,3.6324036751861
cmdscalePca+0.2+50,iris,3.65354941169531
cmdscalePca+0.2+50,diabetes,3.61719014517609
cmdscaleMean+0.3+50,glass,3.79559554081673
cmdscaleMean+0.3+50,iris,3.78402795395459
cmdscaleMean+0.3+50,diabetes,3.76574824451664
cmdscalePca+0.3+50,glass,3.65607595612207
cmdscalePca+0.3+50,iris,3.63057643837417
cmdscalePca+0.3+50,diabetes,3.63320181573765
cmdscaleMean+0.3+50,glass,3.79314689447199
cmdscaleMean+0.3+50,iris,3.78612737324295
cmdscaleMean+0.3+50,diabetes,3.76741167438478
cmdscalePca+0.3+50,glass,3.6794092326694
cmdscalePca+0.3+50,iris,3.71857614632268
cmdscalePca+0.3+50,diabetes,3.63712377936614
cmdscaleMean+0.3+50,glass,3.79092899013135
cmdscaleMean+0.3+50,iris,3.78598003768539
cmdscaleMean+0.3+50,diabetes,3.75963252453801
cmdscalePca+0.3+50,glass,3.66050171419938
cmdscalePca+0.3+50,iris,3.70379479137963
cmdscalePca+0.3+50,diabetes,3.62470187805815
cmdscaleMean+0.3+50,glass,3.79731526865725
cmdscaleMean+0.3+50,iris,3.78591652241855
cmdscaleMean+0.3+50,diabetes,3.76116724825357
cmdscalePca+0.3+50,glass,3.69947295735809
cmdscalePca+0.3+50,iris,3.68449542440569
cmdscalePca+0.3+50,diabetes,3.62522828557993
cmdscaleMean+0.3+50,glass,3.79319395344755
cmdscaleMean+0.3+50,iris,3.78709552379855
cmdscaleMean+0.3+50,diabetes,3.75599820655266
cmdscalePca+0.3+50,glass,3.75391280095299
cmdscalePca+0.3+50,iris,3.68869660381898
cmdscalePca+0.3+50,diabetes,3.6321287399706
cmdscaleMean+0.3+50,glass,3.79421180466702
cmdscaleMean+0.3+50,iris,3.78558216421971
cmdscaleMean+0.3+50,diabetes,3.7762522646409
cmdscalePca+0.3+50,glass,3.63605492089056
cmdscalePca+0.3+50,iris,3.6198889033991
cmdscalePca+0.3+50,diabetes,3.61624230292375
cmdscaleMean+0.3+50,glass,3.7951830442838
cmdscaleMean+0.3+50,iris,3.78930656486235
cmdscaleMean+0.3+50,diabetes,3.75408303217316
cmdscalePca+0.3+50,glass,3.62797935040679
cmdscalePca+0.3+50,iris,3.68941472511912
cmdscalePca+0.3+50,diabetes,3.64797995361231
cmdscaleMean+0.3+50,glass,3.80268120000066
cmdscaleMean+0.3+50,iris,3.78411742937659
cmdscaleMean+0.3+50,diabetes,3.75457569408564
cmdscalePca+0.3+50,glass,3.6669775891869
cmdscalePca+0.3+50,iris,3.68560973072635
cmdscalePca+0.3+50,diabetes,3.62708722045224
cmdscaleMean+0.3+50,glass,3.79235274245403
cmdscaleMean+0.3+50,iris,3.78868203054432
cmdscaleMean+0.3+50,diabetes,3.76520160457775
cmdscalePca+0.3+50,glass,3.66555875274606
cmdscalePca+0.3+50,iris,3.72855960356944
cmdscalePca+0.3+50,diabetes,3.61230983524927
cmdscaleMean+0.3+50,glass,3.79799332792355
cmdscaleMean+0.3+50,iris,3.78893392047026
cmdscaleMean+0.3+50,diabetes,3.77227841978912
cmdscalePca+0.3+50,glass,3.58727180619523
cmdscalePca+0.3+50,iris,3.68676291334849
cmdscalePca+0.3+50,diabetes,3.6423274029773
cmdscaleMean+0.3+50,glass,3.79169955678611
cmdscaleMean+0.3+50,iris,3.79055231670467
cmdscaleMean+0.3+50,diabetes,3.775633209135
cmdscalePca+0.3+50,glass,3.62501172778243
cmdscalePca+0.3+50,iris,3.65932565496097
cmdscalePca+0.3+50,diabetes,3.63990125845576
cmdscaleMean+0.4+50,glass,3.79480268983498
cmdscaleMean+0.4+50,iris,3.78614477339615
cmdscaleMean+0.4+50,diabetes,3.76355607124632
cmdscalePca+0.4+50,glass,3.72516426783489
cmdscalePca+0.4+50,iris,3.66683591850883
cmdscalePca+0.4+50,diabetes,3.65271358943254
cmdscaleMean+0.4+50,glass,3.79342985867288
cmdscaleMean+0.4+50,iris,3.79037108955829
cmdscaleMean+0.4+50,diabetes,3.77090698221785
cmdscalePca+0.4+50,glass,3.6877576775345
cmdscalePca+0.4+50,iris,3.66874788260632
cmdscalePca+0.4+50,diabetes,3.65780562493614
cmdscaleMean+0.4+50,glass,3.79572601326318
cmdscaleMean+0.4+50,iris,3.79035927630514
cmdscaleMean+0.4+50,diabetes,3.75728067102608
cmdscalePca+0.4+50,glass,3.5828172417082
cmdscalePca+0.4+50,iris,3.72562963244601
cmdscalePca+0.4+50,diabetes,3.63980560422091
cmdscaleMean+0.4+50,glass,3.79808493695798
cmdscaleMean+0.4+50,iris,3.79249337323679
cmdscaleMean+0.4+50,diabetes,3.76216756884672
cmdscalePca+0.4+50,glass,3.67674256278328
cmdscalePca+0.4+50,iris,3.65387054911189
cmdscalePca+0.4+50,diabetes,3.6574219657464
cmdscaleMean+0.4+50,glass,3.79444777517931
cmdscaleMean+0.4+50,iris,3.35005986240311
cmdscaleMean+0.4+50,diabetes,3.76810525048571
cmdscalePca+0.4+50,glass,3.67554801655111
cmdscalePca+0.4+50,iris,3.73403546491193
cmdscalePca+0.4+50,diabetes,3.64988168259851
cmdscaleMean+0.4+50,glass,3.79862001777794
cmdscaleMean+0.4+50,iris,3.78572205488875
cmdscaleMean+0.4+50,diabetes,3.76387846543332
cmdscalePca+0.4+50,glass,3.70392556573761
cmdscalePca+0.4+50,iris,3.70729750797797
cmdscalePca+0.4+50,diabetes,3.64246490666846
cmdscaleMean+0.4+50,glass,3.79408016184138
cmdscaleMean+0.4+50,iris,3.7880600797967
cmdscaleMean+0.4+50,diabetes,3.75410205372435
cmdscalePca+0.4+50,glass,3.72600277993825
cmdscalePca+0.4+50,iris,3.69358507092895
cmdscalePca+0.4+50,diabetes,3.64234355725451
cmdscaleMean+0.4+50,glass,3.79496908124394
cmdscaleMean+0.4+50,iris,3.79208769647089
cmdscaleMean+0.4+50,diabetes,3.75851164450347
cmdscalePca+0.4+50,glass,3.63204570554934
cmdscalePca+0.4+50,iris,3.64842774288628
cmdscalePca+0.4+50,diabetes,3.63147852455211
cmdscaleMean+0.4+50,glass,3.79698321154872
cmdscaleMean+0.4+50,iris,3.78735774780228
cmdscaleMean+0.4+50,diabetes,3.76517301213953
cmdscalePca+0.4+50,glass,3.69361117557391
cmdscalePca+0.4+50,iris,3.71245589122882
cmdscalePca+0.4+50,diabetes,3.63934191332664
cmdscaleMean+0.4+50,glass,3.79212671447355
cmdscaleMean+0.4+50,iris,3.79303314065468
cmdscaleMean+0.4+50,diabetes,3.76730510769956
cmdscalePca+0.4+50,glass,3.69017333334101
cmdscalePca+0.4+50,iris,3.45001074447112
cmdscalePca+0.4+50,diabetes,3.63232421605766
cmdscaleMean+0.4+50,glass,3.79910592227064
cmdscaleMean+0.4+50,iris,3.79098470412319
cmdscaleMean+0.4+50,diabetes,3.76043679935738
cmdscalePca+0.4+50,glass,3.67949200357938
cmdscalePca+0.4+50,iris,3.65977865829106
cmdscalePca+0.4+50,diabetes,3.63383300789878
cmdscaleMean+0.5+50,glass,3.80507963489069
cmdscaleMean+0.5+50,iris,3.79043498305299
cmdscaleMean+0.5+50,diabetes,3.76592471757402
cmdscalePca+0.5+50,glass,3.6588499859352
cmdscalePca+0.5+50,iris,3.65444406496849
cmdscalePca+0.5+50,diabetes,3.64005060503004
cmdscaleMean+0.5+50,glass,3.78729527080725
cmdscaleMean+0.5+50,iris,3.79449695763379
cmdscaleMean+0.5+50,diabetes,3.76163567733323
cmdscalePca+0.5+50,glass,3.67683522534197
cmdscalePca+0.5+50,iris,3.68851195501913
cmdscalePca+0.5+50,diabetes,3.62954027757258
cmdscaleMean+0.5+50,glass,3.79922311964131
cmdscaleMean+0.5+50,iris,3.78846408391956
cmdscaleMean+0.5+50,diabetes,3.7499598568158
cmdscalePca+0.5+50,glass,3.69997779888793
cmdscalePca+0.5+50,iris,3.71352193892125
cmdscalePca+0.5+50,diabetes,3.63749802213593
cmdscaleMean+0.5+50,glass,3.80651623017709
cmdscaleMean+0.5+50,iris,3.79791497788359
cmdscaleMean+0.5+50,diabetes,3.76189113010571
cmdscalePca+0.5+50,glass,3.7004796817185
cmdscalePca+0.5+50,iris,3.69258233869477
cmdscalePca+0.5+50,diabetes,3.65354330850735
cmdscaleMean+0.5+50,glass,3.79520576847946
cmdscaleMean+0.5+50,iris,3.79558414579133
cmdscaleMean+0.5+50,diabetes,3.76330617745323
cmdscalePca+0.5+50,glass,3.61132514331683
cmdscalePca+0.5+50,iris,3.68760926318424
cmdscalePca+0.5+50,diabetes,3.63527561293991
cmdscaleMean+0.5+50,glass,3.80538311004466
cmdscaleMean+0.5+50,iris,3.79165653153358
cmdscaleMean+0.5+50,diabetes,3.76387125569387
cmdscalePca+0.5+50,glass,3.6623551880683
cmdscalePca+0.5+50,iris,3.71333517520477
cmdscalePca+0.5+50,diabetes,3.61581971036343
cmdscaleMean+0.5+50,glass,3.7996599578606
cmdscaleMean+0.5+50,iris,3.79089703685484
cmdscaleMean+0.5+50,diabetes,3.75847640349645
cmdscalePca+0.5+50,glass,3.68598409433998
cmdscalePca+0.5+50,iris,3.71576624018255
cmdscalePca+0.5+50,diabetes,3.64845979319791
cmdscaleMean+0.5+50,glass,3.79763119930388
cmdscaleMean+0.5+50,iris,3.78953164740293
cmdscaleMean+0.5+50,diabetes,3.75948926872752
cmdscalePca+0.5+50,glass,3.56612248371916
cmdscalePca+0.5+50,iris,3.70839761474575
cmdscalePca+0.5+50,diabetes,3.64375163235425
cmdscaleMean+0.5+50,glass,3.79591135828399
cmdscaleMean+0.5+50,iris,3.78926451253762
cmdscaleMean+0.5+50,diabetes,3.77195836246899
cmdscalePca+0.5+50,glass,3.67408741332829
cmdscalePca+0.5+50,iris,3.70439105512655
cmdscalePca+0.5+50,diabetes,3.6422641983512
cmdscaleMean+0.5+50,glass,3.80699747254076
cmdscaleMean+0.5+50,iris,3.7812486986365
cmdscaleMean+0.5+50,diabetes,3.76439240287496
cmdscalePca+0.5+50,glass,3.68187802906933
cmdscalePca+0.5+50,iris,3.67750984503803
cmdscalePca+0.5+50,diabetes,3.64589926901472
cmdscaleMean+0.5+50,glass,3.799444746727
cmdscaleMean+0.5+50,iris,3.79098814422939
cmdscaleMean+0.5+50,diabetes,3.76451158378382
cmdscalePca+0.5+50,glass,3.58361023041215
cmdscalePca+0.5+50,iris,3.69455918157419
cmdscalePca+0.5+50,diabetes,3.65152248931938
cmdscaleMean+0.6+50,glass,3.8022305572715
cmdscaleMean+0.6+50,iris,3.78924695449553
cmdscaleMean+0.6+50,diabetes,3.76597133138542
cmdscalePca+0.6+50,glass,3.71158412564071
cmdscalePca+0.6+50,iris,3.67989369755718
cmdscalePca+0.6+50,diabetes,3.66687574926067
cmdscaleMean+0.6+50,glass,3.80003390776449
cmdscaleMean+0.6+50,iris,3.78849631984653
cmdscaleMean+0.6+50,diabetes,3.76375841848476
cmdscalePca+0.6+50,glass,3.73041802815095
cmdscalePca+0.6+50,iris,3.71503067252699
cmdscalePca+0.6+50,diabetes,3.6482364380903
cmdscaleMean+0.6+50,glass,3.79765581174353
cmdscaleMean+0.6+50,iris,3.78906745353451
cmdscaleMean+0.6+50,diabetes,3.75595542228227
cmdscalePca+0.6+50,glass,3.66859362892026
cmdscalePca+0.6+50,iris,3.68644158074481
cmdscalePca+0.6+50,diabetes,3.64444454605382
cmdscaleMean+0.6+50,glass,3.81126792669709
cmdscaleMean+0.6+50,iris,3.79455659441084
cmdscaleMean+0.6+50,diabetes,3.75743241106053
cmdscalePca+0.6+50,glass,3.63670593428279
cmdscalePca+0.6+50,iris,3.71035099351629
cmdscalePca+0.6+50,diabetes,3.64055419447871
cmdscaleMean+0.6+50,glass,3.79816275244144
cmdscaleMean+0.6+50,iris,3.79233093505849
cmdscaleMean+0.6+50,diabetes,3.76162161225038
cmdscalePca+0.6+50,glass,3.67635937901725
cmdscalePca+0.6+50,iris,3.68205644330845
cmdscalePca+0.6+50,diabetes,3.64519472090836
cmdscaleMean+0.6+50,glass,3.80397468156601
cmdscaleMean+0.6+50,iris,3.79456442260928
cmdscaleMean+0.6+50,diabetes,3.76718338194295
cmdscalePca+0.6+50,glass,3.66391077197534
cmdscalePca+0.6+50,iris,3.69866187594066
cmdscalePca+0.6+50,diabetes,3.65266467456503
cmdscaleMean+0.6+50,glass,3.80238438981367
cmdscaleMean+0.6+50,iris,3.79569445663666
cmdscaleMean+0.6+50,diabetes,3.77041388123024
cmdscalePca+0.6+50,glass,3.69843500131926
cmdscalePca+0.6+50,iris,3.52273573666179
cmdscalePca+0.6+50,diabetes,3.64162246013901
cmdscaleMean+0.6+50,glass,3.8027184009346
cmdscaleMean+0.6+50,iris,3.79254699698381
cmdscaleMean+0.6+50,diabetes,3.76292954184384
cmdscalePca+0.6+50,glass,3.61194606338027
cmdscalePca+0.6+50,iris,3.68425744764614
cmdscalePca+0.6+50,diabetes,3.65821971642711
cmdscaleMean+0.6+50,glass,3.79543537730234
cmdscaleMean+0.6+50,iris,3.79405177205891
cmdscaleMean+0.6+50,diabetes,3.76652502862378
cmdscalePca+0.6+50,glass,3.72110862324074
cmdscalePca+0.6+50,iris,3.66167180247785
cmdscalePca+0.6+50,diabetes,3.64043926015162
cmdscaleMean+0.6+50,glass,3.80130137702907
cmdscaleMean+0.6+50,iris,3.79532329084879
cmdscaleMean+0.6+50,diabetes,3.75841436300162
cmdscalePca+0.6+50,glass,3.60811126708923
cmdscalePca+0.6+50,iris,3.63066468172187
cmdscalePca+0.6+50,diabetes,3.65419253330036
cmdscaleMean+0.6+50,glass,3.8070043419227
cmdscaleMean+0.6+50,iris,3.78542740483747
cmdscaleMean+0.6+50,diabetes,3.76297503835996
cmdscalePca+0.6+50,glass,3.65898620232509
cmdscalePca+0.6+50,iris,3.7171170291025
cmdscalePca+0.6+50,diabetes,3.64915454717462
cmdscaleMean+0.7+50,glass,3.80033317318511
cmdscaleMean+0.7+50,iris,3.79584411384192
cmdscaleMean+0.7+50,diabetes,3.76429982875788
cmdscalePca+0.7+50,glass,3.61241149818128
cmdscalePca+0.7+50,iris,3.71908598946849
cmdscalePca+0.7+50,diabetes,3.66794575883018
cmdscaleMean+0.7+50,glass,3.80435053320543
cmdscaleMean+0.7+50,iris,3.79133173644261
cmdscaleMean+0.7+50,diabetes,3.75789984871008
cmdscalePca+0.7+50,glass,3.67531806069131
cmdscalePca+0.7+50,iris,3.66109917406687
cmdscalePca+0.7+50,diabetes,3.66014394454827
cmdscaleMean+0.7+50,glass,3.80159587176938
cmdscaleMean+0.7+50,iris,3.79350926690242
cmdscaleMean+0.7+50,diabetes,3.75670954612113
cmdscalePca+0.7+50,glass,3.68120756857541
cmdscalePca+0.7+50,iris,3.67052977388494
cmdscalePca+0.7+50,diabetes,3.65603575078797
cmdscaleMean+0.7+50,glass,3.80082258975513
cmdscaleMean+0.7+50,iris,3.79585724842055
cmdscaleMean+0.7+50,diabetes,3.7598665520834
cmdscalePca+0.7+50,glass,3.66598491727088
cmdscalePca+0.7+50,iris,3.67275292200582
cmdscalePca+0.7+50,diabetes,3.65323361639863
cmdscaleMean+0.7+50,glass,3.80243616448285
cmdscaleMean+0.7+50,iris,3.78979941791196
cmdscaleMean+0.7+50,diabetes,3.7692704515483
cmdscalePca+0.7+50,glass,3.68757087904797
cmdscalePca+0.7+50,iris,3.72183628231306
cmdscalePca+0.7+50,diabetes,3.6474800209378
cmdscaleMean+0.7+50,glass,3.80801655768204
cmdscaleMean+0.7+50,iris,3.78937304556814
cmdscaleMean+0.7+50,diabetes,3.76820173658064
cmdscalePca+0.7+50,glass,3.65713022438245
cmdscalePca+0.7+50,iris,3.65971007814725
cmdscalePca+0.7+50,diabetes,3.62766169461502
cmdscaleMean+0.7+50,glass,3.80314532520519
cmdscaleMean+0.7+50,iris,3.79091977435546
cmdscaleMean+0.7+50,diabetes,3.76957927139084
cmdscalePca+0.7+50,glass,3.56331874021494
cmdscalePca+0.7+50,iris,3.6533408396927
cmdscalePca+0.7+50,diabetes,3.65938029565404
cmdscaleMean+0.7+50,glass,3.79908899651134
cmdscaleMean+0.7+50,iris,3.79692577358664
cmdscaleMean+0.7+50,diabetes,3.76697420981966
cmdscalePca+0.7+50,glass,3.70440486444848
cmdscalePca+0.7+50,iris,3.69567406417897
cmdscalePca+0.7+50,diabetes,3.63867864382143
cmdscaleMean+0.7+50,glass,3.81072148505837
cmdscaleMean+0.7+50,iris,3.79449908752278
cmdscaleMean+0.7+50,diabetes,3.75771087190123
cmdscalePca+0.7+50,glass,3.71159649037872
cmdscalePca+0.7+50,iris,3.50113234167704
cmdscalePca+0.7+50,diabetes,3.65162472283709
cmdscaleMean+0.7+50,glass,3.80150271840122
cmdscaleMean+0.7+50,iris,3.7921352450058
cmdscaleMean+0.7+50,diabetes,3.76601270458549
cmdscalePca+0.7+50,glass,3.66641049346666
cmdscalePca+0.7+50,iris,3.71419800844964
cmdscalePca+0.7+50,diabetes,3.64624013748701
cmdscaleMean+0.7+50,glass,3.80189760003758
cmdscaleMean+0.7+50,iris,3.79157792620538
cmdscaleMean+0.7+50,diabetes,3.76397822328107
cmdscalePca+0.7+50,glass,3.69160163785654
cmdscalePca+0.7+50,iris,3.73806158273793
cmdscalePca+0.7+50,diabetes,3.66334649744657
cmdscaleMean+0.8+50,glass,3.8087622760051
cmdscaleMean+0.8+50,iris,3.79208043518234
cmdscaleMean+0.8+50,diabetes,3.76682200864602
cmdscalePca+0.8+50,glass,3.68002021078769
cmdscalePca+0.8+50,iris,3.7236029130169
cmdscalePca+0.8+50,diabetes,3.64976718419818
cmdscaleMean+0.8+50,glass,3.80525370503915
cmdscaleMean+0.8+50,iris,3.79544278066314
cmdscaleMean+0.8+50,diabetes,3.75769902678117
cmdscalePca+0.8+50,glass,3.6811044173953
cmdscalePca+0.8+50,iris,3.45179228647953
cmdscalePca+0.8+50,diabetes,3.64633816381511
cmdscaleMean+0.8+50,glass,3.79539214811782
cmdscaleMean+0.8+50,iris,3.79406374564396
cmdscaleMean+0.8+50,diabetes,3.75431423140708
cmdscalePca+0.8+50,glass,3.64493965202805
cmdscalePca+0.8+50,iris,3.74460949467743
cmdscalePca+0.8+50,diabetes,3.65973801733
cmdscaleMean+0.8+50,glass,3.80852672542637
cmdscaleMean+0.8+50,iris,3.78865479712483
cmdscaleMean+0.8+50,diabetes,3.7625327237372
cmdscalePca+0.8+50,glass,3.65663332040777
cmdscalePca+0.8+50,iris,3.65027708030703
cmdscalePca+0.8+50,diabetes,3.62821772022893
cmdscaleMean+0.8+50,glass,3.79521713212292
cmdscaleMean+0.8+50,iris,3.79226969579591
cmdscaleMean+0.8+50,diabetes,3.76362357962625
cmdscalePca+0.8+50,glass,3.60556941582665
cmdscalePca+0.8+50,iris,3.71241209301912
cmdscalePca+0.8+50,diabetes,3.65096547332075
cmdscaleMean+0.8+50,glass,3.80333342704584
cmdscaleMean+0.8+50,iris,3.79247920906779
cmdscaleMean+0.8+50,diabetes,3.76779984518459
cmdscalePca+0.8+50,glass,3.702972176174
cmdscalePca+0.8+50,iris,3.68115748860795
cmdscalePca+0.8+50,diabetes,3.65320554970897
cmdscaleMean+0.8+50,glass,3.79670210063852
cmdscaleMean+0.8+50,iris,3.79657821082667
cmdscaleMean+0.8+50,diabetes,3.76700820977142
cmdscalePca+0.8+50,glass,3.65773051487251
cmdscalePca+0.8+50,iris,3.67517715322453
cmdscalePca+0.8+50,diabetes,3.66318310255795
cmdscaleMean+0.8+50,glass,3.80236281701995
cmdscaleMean+0.8+50,iris,3.79229549115413
cmdscaleMean+0.8+50,diabetes,3.76516798417414
cmdscalePca+0.8+50,glass,3.67753498679404
cmdscalePca+0.8+50,iris,3.69314309274869
cmdscalePca+0.8+50,diabetes,3.66236204656007
cmdscaleMean+0.8+50,glass,3.79763765830186
cmdscaleMean+0.8+50,iris,3.79286497518734
cmdscaleMean+0.8+50,diabetes,3.76723931223792
cmdscalePca+0.8+50,glass,3.60529098616399
cmdscalePca+0.8+50,iris,3.66301327060914
cmdscalePca+0.8+50,diabetes,3.65820600350107
cmdscaleMean+0.8+50,glass,3.80294701270123
cmdscaleMean+0.8+50,iris,3.79663541229798
cmdscaleMean+0.8+50,diabetes,3.76651415259522
cmdscalePca+0.8+50,glass,3.70661913584355
cmdscalePca+0.8+50,iris,3.65278896484512
cmdscalePca+0.8+50,diabetes,3.66193097777353
cmdscaleMean+0.8+50,glass,3.80380838614689
cmdscaleMean+0.8+50,iris,3.79287948725725
cmdscaleMean+0.8+50,diabetes,3.76266165293015
cmdscalePca+0.8+50,glass,3.68859354904572
cmdscalePca+0.8+50,iris,3.73581225453438
cmdscalePca+0.8+50,diabetes,3.61442105027326
cmdscaleMean+0.9+50,glass,3.81118226847847
cmdscaleMean+0.9+50,iris,3.79269032387554
cmdscaleMean+0.9+50,diabetes,3.76245537880747
cmdscalePca+0.9+50,glass,3.71488644666759
cmdscalePca+0.9+50,iris,3.64390685709312
cmdscalePca+0.9+50,diabetes,3.65154034993407
cmdscaleMean+0.9+50,glass,3.79967825692222
cmdscaleMean+0.9+50,iris,3.79531683265831
cmdscaleMean+0.9+50,diabetes,3.76053376853523
cmdscalePca+0.9+50,glass,3.71307096461384
cmdscalePca+0.9+50,iris,3.72365470823586
cmdscalePca+0.9+50,diabetes,3.63742163709385
cmdscaleMean+0.9+50,glass,3.80452803277299
cmdscaleMean+0.9+50,iris,3.79034619214933
cmdscaleMean+0.9+50,diabetes,3.76577612549512
cmdscalePca+0.9+50,glass,3.68124023876157
cmdscalePca+0.9+50,iris,3.73008475159777
cmdscalePca+0.9+50,diabetes,3.65550439111952
cmdscaleMean+0.9+50,glass,3.80936047095755
cmdscaleMean+0.9+50,iris,3.79305531814215
cmdscaleMean+0.9+50,diabetes,3.76938497877703
cmdscalePca+0.9+50,glass,3.65883242597926
cmdscalePca+0.9+50,iris,3.6428388093689
cmdscalePca+0.9+50,diabetes,3.63456016247889
cmdscaleMean+0.9+50,glass,3.79878670595705
cmdscaleMean+0.9+50,iris,3.78942226954267
cmdscaleMean+0.9+50,diabetes,3.75848342257475
cmdscalePca+0.9+50,glass,3.65197893941812
cmdscalePca+0.9+50,iris,3.69394921941732
cmdscalePca+0.9+50,diabetes,3.68396994189482
cmdscaleMean+0.9+50,glass,3.80117425749889
cmdscaleMean+0.9+50,iris,3.78779073452514
cmdscaleMean+0.9+50,diabetes,3.76745447479816
cmdscalePca+0.9+50,glass,3.62025812742871
cmdscalePca+0.9+50,iris,3.6980690659736
cmdscalePca+0.9+50,diabetes,3.66879112013749
cmdscaleMean+0.9+50,glass,3.81291119145127
cmdscaleMean+0.9+50,iris,3.79090803230699
cmdscaleMean+0.9+50,diabetes,3.76536002809298
cmdscalePca+0.9+50,glass,3.66908931433287
cmdscalePca+0.9+50,iris,3.68921226523354
cmdscalePca+0.9+50,diabetes,3.65185012871773
cmdscaleMean+0.9+50,glass,3.80496185891558
cmdscaleMean+0.9+50,iris,3.7944143440507
cmdscaleMean+0.9+50,diabetes,3.76458275766069
cmdscalePca+0.9+50,glass,3.69175607148657
cmdscalePca+0.9+50,iris,3.66473793103295
cmdscalePca+0.9+50,diabetes,3.63688633808225
cmdscaleMean+0.9+50,glass,3.8067617794947
cmdscaleMean+0.9+50,iris,3.79312422682246
cmdscaleMean+0.9+50,diabetes,3.7605463670029
cmdscalePca+0.9+50,glass,3.68845188971904
cmdscalePca+0.9+50,iris,3.65878878181278
cmdscalePca+0.9+50,diabetes,3.57956002649192
cmdscaleMean+0.9+50,glass,3.80188944824198
cmdscaleMean+0.9+50,iris,3.79074564640937
cmdscaleMean+0.9+50,diabetes,3.75851140120425
cmdscalePca+0.9+50,glass,3.67369913674741
cmdscalePca+0.9+50,iris,3.65511388229104
cmdscalePca+0.9+50,diabetes,3.64121281200621
cmdscaleMean+0.9+50,glass,3.80917905968232
cmdscaleMean+0.9+50,iris,3.79095314305436
cmdscaleMean+0.9+50,diabetes,3.76561880944893
cmdscalePca+0.9+50,glass,3.63674052961709
cmdscalePca+0.9+50,iris,3.68251225049189
cmdscalePca+0.9+50,diabetes,3.65811967355529
cmdscaleMean+1+50,glass,3.80760608957181
cmdscaleMean+1+50,iris,3.78856705259084
cmdscaleMean+1+50,diabetes,3.75701881587654
cmdscalePca+1+50,glass,3.70560544441204
cmdscalePca+1+50,iris,3.70667027696696
cmdscalePca+1+50,diabetes,3.66441402125624
cmdscaleMean+1+50,glass,3.81310078252998
cmdscaleMean+1+50,iris,3.79420481586041
cmdscaleMean+1+50,diabetes,3.76327585498741
cmdscalePca+1+50,glass,3.63565524794231
cmdscalePca+1+50,iris,3.54690235208342
cmdscalePca+1+50,diabetes,3.65857918098894
cmdscaleMean+1+50,glass,3.80888087694431
cmdscaleMean+1+50,iris,3.79358961195722
cmdscaleMean+1+50,diabetes,3.76250582276047
cmdscalePca+1+50,glass,3.64065337857867
cmdscalePca+1+50,iris,3.52730830886388
cmdscalePca+1+50,diabetes,3.65369624522351
cmdscaleMean+1+50,glass,3.80987766179336
cmdscaleMean+1+50,iris,3.79096439464561
cmdscaleMean+1+50,diabetes,3.76163488939531
cmdscalePca+1+50,glass,3.63542344348408
cmdscalePca+1+50,iris,3.67920548001423
cmdscalePca+1+50,diabetes,3.64369925726903
cmdscaleMean+1+50,glass,3.79981147663344
cmdscaleMean+1+50,iris,3.79362794969746
cmdscaleMean+1+50,diabetes,3.76805986672565
cmdscalePca+1+50,glass,3.66686160183292
cmdscalePca+1+50,iris,3.69441674270258
cmdscalePca+1+50,diabetes,3.65141737315941
cmdscaleMean+1+50,glass,3.80498439812235
cmdscaleMean+1+50,iris,3.7915389609535
cmdscaleMean+1+50,diabetes,3.76087931563888
cmdscalePca+1+50,glass,3.63919315455565
cmdscalePca+1+50,iris,3.70185664994094
cmdscalePca+1+50,diabetes,3.65479168934753
cmdscaleMean+1+50,glass,3.80049836981508
cmdscaleMean+1+50,iris,3.78678808243298
cmdscaleMean+1+50,diabetes,3.76228880277977
cmdscalePca+1+50,glass,3.70650814500541
cmdscalePca+1+50,iris,3.65635409543802
cmdscalePca+1+50,diabetes,3.62454252711902
cmdscaleMean+1+50,glass,3.79886965737424
cmdscaleMean+1+50,iris,3.79354579019447
cmdscaleMean+1+50,diabetes,3.76694947203146
cmdscalePca+1+50,glass,3.71630820180737
cmdscalePca+1+50,iris,3.73030187909347
cmdscalePca+1+50,diabetes,3.65656874364199
cmdscaleMean+1+50,glass,3.79958711232443
cmdscaleMean+1+50,iris,3.790829032351
cmdscaleMean+1+50,diabetes,3.76592120012899
cmdscalePca+1+50,glass,3.65885347920122
cmdscalePca+1+50,iris,3.72091873837002
cmdscalePca+1+50,diabetes,3.65288078058639
cmdscaleMean+1+50,glass,3.80428562140062
cmdscaleMean+1+50,iris,3.78768694040735
cmdscaleMean+1+50,diabetes,3.76543334248839
cmdscalePca+1+50,glass,3.67280631268319
cmdscalePca+1+50,iris,3.72904152413896
cmdscalePca+1+50,diabetes,3.63647716745102
cmdscaleMean+1+50,glass,3.80048175063216
cmdscaleMean+1+50,iris,3.79105275844647
cmdscaleMean+1+50,diabetes,3.76233291074534
cmdscalePca+1+50,glass,3.66016227498581
cmdscalePca+1+50,iris,3.65440433312635
cmdscalePca+1+50,diabetes,3.6504411166847
cmdscaleMean+0.1+100,glass,3.79666677382631
cmdscaleMean+0.1+100,iris,3.80949558306074
cmdscaleMean+0.1+100,diabetes,3.77483448857657
cmdscalePca+0.1+100,glass,3.68307983855121
cmdscalePca+0.1+100,iris,3.63258487593185
cmdscalePca+0.1+100,diabetes,3.63655881867848
cmdscaleMean+0.1+100,glass,3.79598680796296
cmdscaleMean+0.1+100,iris,3.80239660822417
cmdscaleMean+0.1+100,diabetes,3.77755438645536
cmdscalePca+0.1+100,glass,3.65898079097381
cmdscalePca+0.1+100,iris,3.69991392239362
cmdscalePca+0.1+100,diabetes,3.63481369824911
cmdscaleMean+0.1+100,glass,3.79552461415448
cmdscaleMean+0.1+100,iris,3.80776151656229
cmdscaleMean+0.1+100,diabetes,3.77804908323066
cmdscalePca+0.1+100,glass,3.65000456369179
cmdscalePca+0.1+100,iris,3.64227166829454
cmdscalePca+0.1+100,diabetes,3.62845434041787
cmdscaleMean+0.1+100,glass,3.79535508205388
cmdscaleMean+0.1+100,iris,3.80567356763913
cmdscaleMean+0.1+100,diabetes,3.77706680938488
cmdscalePca+0.1+100,glass,3.72429976594637
cmdscalePca+0.1+100,iris,3.67419631616831
cmdscalePca+0.1+100,diabetes,3.61987050283869
cmdscaleMean+0.1+100,glass,3.79616882729613
cmdscaleMean+0.1+100,iris,3.80401211732607
cmdscaleMean+0.1+100,diabetes,3.77916923066657
cmdscalePca+0.1+100,glass,3.65348559179401
cmdscalePca+0.1+100,iris,3.64231365308062
cmdscalePca+0.1+100,diabetes,3.64865610352516
cmdscaleMean+0.1+100,glass,3.7949374020607
cmdscaleMean+0.1+100,iris,3.80514180185901
cmdscaleMean+0.1+100,diabetes,3.78075107511874
cmdscalePca+0.1+100,glass,3.56979063782871
cmdscalePca+0.1+100,iris,3.6525712395994
cmdscalePca+0.1+100,diabetes,3.60676373088375
cmdscaleMean+0.1+100,glass,3.79689364424551
cmdscaleMean+0.1+100,iris,3.80860869436946
cmdscaleMean+0.1+100,diabetes,3.77877894149497
cmdscalePca+0.1+100,glass,3.68149390507255
cmdscalePca+0.1+100,iris,3.65660982887929
cmdscalePca+0.1+100,diabetes,3.63189895672558
cmdscaleMean+0.1+100,glass,3.79533376186103
cmdscaleMean+0.1+100,iris,3.80499450965315
cmdscaleMean+0.1+100,diabetes,3.77835117155984
cmdscalePca+0.1+100,glass,3.64515686488081
cmdscalePca+0.1+100,iris,3.66865238063649
cmdscalePca+0.1+100,diabetes,3.63142826993954
cmdscaleMean+0.1+100,glass,3.79779188264353
cmdscaleMean+0.1+100,iris,3.80556343113877
cmdscaleMean+0.1+100,diabetes,3.77785583575686
cmdscalePca+0.1+100,glass,3.72964904481522
cmdscalePca+0.1+100,iris,3.71614032831841
cmdscalePca+0.1+100,diabetes,3.63312374267239
cmdscaleMean+0.1+100,glass,3.79425830876021
cmdscaleMean+0.1+100,iris,3.80551026706636
cmdscaleMean+0.1+100,diabetes,3.77909560973786
cmdscalePca+0.1+100,glass,3.68775362241347
cmdscalePca+0.1+100,iris,3.65583723028276
cmdscalePca+0.1+100,diabetes,3.63176809711961
cmdscaleMean+0.1+100,glass,3.79838932689923
cmdscaleMean+0.1+100,iris,3.80501619055527
cmdscaleMean+0.1+100,diabetes,3.77372351851008
cmdscalePca+0.1+100,glass,3.65286412324768
cmdscalePca+0.1+100,iris,3.6573969390183
cmdscalePca+0.1+100,diabetes,3.64076726146965
cmdscaleMean+0.2+100,glass,3.80457877550993
cmdscaleMean+0.2+100,iris,3.80783392042347
cmdscaleMean+0.2+100,diabetes,3.78186858073939
cmdscalePca+0.2+100,glass,3.68393855096025
cmdscalePca+0.2+100,iris,3.69690530580418
cmdscalePca+0.2+100,diabetes,3.65057613079324
cmdscaleMean+0.2+100,glass,3.80120078417725
cmdscaleMean+0.2+100,iris,3.81013724413175
cmdscaleMean+0.2+100,diabetes,3.78214526231882
cmdscalePca+0.2+100,glass,3.6925349640951
cmdscalePca+0.2+100,iris,3.63801218537425
cmdscalePca+0.2+100,diabetes,3.64989753390863
cmdscaleMean+0.2+100,glass,3.80413660207571
cmdscaleMean+0.2+100,iris,3.80612529601706
cmdscaleMean+0.2+100,diabetes,3.78073898207752
cmdscalePca+0.2+100,glass,3.67392752114509
cmdscalePca+0.2+100,iris,3.5502919557767
cmdscalePca+0.2+100,diabetes,3.65371625863001
cmdscaleMean+0.2+100,glass,3.80137497756362
cmdscaleMean+0.2+100,iris,3.807533807709
cmdscaleMean+0.2+100,diabetes,3.78290007629576
cmdscalePca+0.2+100,glass,3.67062669329781
cmdscalePca+0.2+100,iris,3.62485474341791
cmdscalePca+0.2+100,diabetes,3.63718060498219
cmdscaleMean+0.2+100,glass,3.80108205518152
cmdscaleMean+0.2+100,iris,3.8089391656822
cmdscaleMean+0.2+100,diabetes,3.78602186475117
cmdscalePca+0.2+100,glass,3.6542598317716
cmdscalePca+0.2+100,iris,3.67460078155309
cmdscalePca+0.2+100,diabetes,3.65258916335263
cmdscaleMean+0.2+100,glass,3.80171515693169
cmdscaleMean+0.2+100,iris,3.8085255913155
cmdscaleMean+0.2+100,diabetes,3.7836170671602
cmdscalePca+0.2+100,glass,3.66411232834279
cmdscalePca+0.2+100,iris,3.71583618779785
cmdscalePca+0.2+100,diabetes,3.63863170672271
cmdscaleMean+0.2+100,glass,3.79934798164463
cmdscaleMean+0.2+100,iris,3.81026301064742
cmdscaleMean+0.2+100,diabetes,3.78073884671262
cmdscalePca+0.2+100,glass,3.69970866537348
cmdscalePca+0.2+100,iris,3.68282577099902
cmdscalePca+0.2+100,diabetes,3.64919370141924
cmdscaleMean+0.2+100,glass,3.80540190618628
cmdscaleMean+0.2+100,iris,3.80709290709715
cmdscaleMean+0.2+100,diabetes,3.78091342866215
cmdscalePca+0.2+100,glass,3.69461379972653
cmdscalePca+0.2+100,iris,3.6913450616363
cmdscalePca+0.2+100,diabetes,3.66485167619529
cmdscaleMean+0.2+100,glass,3.80362839961264
cmdscaleMean+0.2+100,iris,3.80815874877412
cmdscaleMean+0.2+100,diabetes,3.78553468077888
cmdscalePca+0.2+100,glass,3.6612711542352
cmdscalePca+0.2+100,iris,3.64192963623629
cmdscalePca+0.2+100,diabetes,3.65357240088807
cmdscaleMean+0.2+100,glass,3.80223382403384
cmdscaleMean+0.2+100,iris,3.80593733727567
cmdscaleMean+0.2+100,diabetes,3.78038694069552
cmdscalePca+0.2+100,glass,3.62991353084915
cmdscalePca+0.2+100,iris,3.60946856876717
cmdscalePca+0.2+100,diabetes,3.63701458480183
cmdscaleMean+0.2+100,glass,3.80215906093962
cmdscaleMean+0.2+100,iris,3.81239896612387
cmdscaleMean+0.2+100,diabetes,3.77902358005387
cmdscalePca+0.2+100,glass,3.70596229125905
cmdscalePca+0.2+100,iris,3.66331137409104
cmdscalePca+0.2+100,diabetes,3.65741444869895
cmdscaleMean+0.3+100,glass,3.81219230625379
cmdscaleMean+0.3+100,iris,3.81468145667951
cmdscaleMean+0.3+100,diabetes,3.78654183964663
cmdscalePca+0.3+100,glass,3.71086572283232
cmdscalePca+0.3+100,iris,3.69457353129248
cmdscalePca+0.3+100,diabetes,3.66690603224146
cmdscaleMean+0.3+100,glass,3.81012310052195
cmdscaleMean+0.3+100,iris,3.81307097586422
cmdscaleMean+0.3+100,diabetes,3.78542884309683
cmdscalePca+0.3+100,glass,3.68555895222316
cmdscalePca+0.3+100,iris,3.67642179711063
cmdscalePca+0.3+100,diabetes,3.64328962039086
cmdscaleMean+0.3+100,glass,3.80811310472111
cmdscaleMean+0.3+100,iris,3.80832288424472
cmdscaleMean+0.3+100,diabetes,3.78114722341937
cmdscalePca+0.3+100,glass,3.68161585442225
cmdscalePca+0.3+100,iris,3.67429331511923
cmdscalePca+0.3+100,diabetes,3.67159403064893
cmdscaleMean+0.3+100,glass,3.81059358705461
cmdscaleMean+0.3+100,iris,3.80992660397513
cmdscaleMean+0.3+100,diabetes,3.78671273232691
cmdscalePca+0.3+100,glass,3.73386955124312
cmdscalePca+0.3+100,iris,3.62718673141669
cmdscalePca+0.3+100,diabetes,3.64806190345459
cmdscaleMean+0.3+100,glass,3.80613183816421
cmdscaleMean+0.3+100,iris,3.81334987422316
cmdscaleMean+0.3+100,diabetes,3.78110046572574
cmdscalePca+0.3+100,glass,3.74002418539212
cmdscalePca+0.3+100,iris,3.68626739457739
cmdscalePca+0.3+100,diabetes,3.62934939518713
cmdscaleMean+0.3+100,glass,3.81027236306179
cmdscaleMean+0.3+100,iris,3.81241154603552
cmdscaleMean+0.3+100,diabetes,3.7877100107501
cmdscalePca+0.3+100,glass,3.65675503102186
cmdscalePca+0.3+100,iris,3.65490891297063
cmdscalePca+0.3+100,diabetes,3.61842240370066
cmdscaleMean+0.3+100,glass,3.80890268607504
cmdscaleMean+0.3+100,iris,3.81260700108142
cmdscaleMean+0.3+100,diabetes,3.78930908739566
cmdscalePca+0.3+100,glass,3.71925324033576
cmdscalePca+0.3+100,iris,3.67168045457985
cmdscalePca+0.3+100,diabetes,3.62477158205516
cmdscaleMean+0.3+100,glass,3.80907038762776
cmdscaleMean+0.3+100,iris,3.81167077124302
cmdscaleMean+0.3+100,diabetes,3.78296614767649
cmdscalePca+0.3+100,glass,3.67494271482576
cmdscalePca+0.3+100,iris,3.6192014139919
cmdscalePca+0.3+100,diabetes,3.66717443349458
cmdscaleMean+0.3+100,glass,3.80988047736405
cmdscaleMean+0.3+100,iris,3.81544280069138
cmdscaleMean+0.3+100,diabetes,3.78182667256776
cmdscalePca+0.3+100,glass,3.71327920431439
cmdscalePca+0.3+100,iris,3.69040511834047
cmdscalePca+0.3+100,diabetes,3.65686767891623
cmdscaleMean+0.3+100,glass,3.81088460125166
cmdscaleMean+0.3+100,iris,3.81403241229475
cmdscaleMean+0.3+100,diabetes,3.78523757524982
cmdscalePca+0.3+100,glass,3.67988233367738
cmdscalePca+0.3+100,iris,3.71607427146956
cmdscalePca+0.3+100,diabetes,3.60386121047559
cmdscaleMean+0.3+100,glass,3.80688717258628
cmdscaleMean+0.3+100,iris,3.81203498709721
cmdscaleMean+0.3+100,diabetes,3.78764729536065
cmdscalePca+0.3+100,glass,3.63657090157116
cmdscalePca+0.3+100,iris,3.63689451993381
cmdscalePca+0.3+100,diabetes,3.63615247960888
cmdscaleMean+0.4+100,glass,3.8157495282239
cmdscaleMean+0.4+100,iris,3.81602957793063
cmdscaleMean+0.4+100,diabetes,3.78105387464669
cmdscalePca+0.4+100,glass,3.59912193790925
cmdscalePca+0.4+100,iris,3.63364771448064
cmdscalePca+0.4+100,diabetes,3.64228325161334
cmdscaleMean+0.4+100,glass,3.81081272450241
cmdscaleMean+0.4+100,iris,3.80987633309826
cmdscaleMean+0.4+100,diabetes,3.78658875901345
cmdscalePca+0.4+100,glass,3.68265034653199
cmdscalePca+0.4+100,iris,3.54910987497654
cmdscalePca+0.4+100,diabetes,3.65431608328453
cmdscaleMean+0.4+100,glass,3.81177824040685
cmdscaleMean+0.4+100,iris,3.81447086726181
cmdscaleMean+0.4+100,diabetes,3.78578514474626
cmdscalePca+0.4+100,glass,3.64424402201407
cmdscalePca+0.4+100,iris,3.6491813130978
cmdscalePca+0.4+100,diabetes,3.66775101862453
cmdscaleMean+0.4+100,glass,3.81899508516599
cmdscaleMean+0.4+100,iris,3.81298170279217
cmdscaleMean+0.4+100,diabetes,3.78962103314386
cmdscalePca+0.4+100,glass,3.71381048834207
cmdscalePca+0.4+100,iris,3.71532603517184
cmdscalePca+0.4+100,diabetes,3.6344849601299
cmdscaleMean+0.4+100,glass,3.81672075326157
cmdscaleMean+0.4+100,iris,3.81096920519491
cmdscaleMean+0.4+100,diabetes,3.78335891109199
cmdscalePca+0.4+100,glass,3.6839189648083
cmdscalePca+0.4+100,iris,3.70233009361002
cmdscalePca+0.4+100,diabetes,3.65662344810138
cmdscaleMean+0.4+100,glass,3.8204393098454
cmdscaleMean+0.4+100,iris,3.81595518822207
cmdscaleMean+0.4+100,diabetes,3.78665356251142
cmdscalePca+0.4+100,glass,3.71635444607198
cmdscalePca+0.4+100,iris,3.44165420300928
cmdscalePca+0.4+100,diabetes,3.64810678992318
cmdscaleMean+0.4+100,glass,3.80609976731621
cmdscaleMean+0.4+100,iris,3.8156240814691
cmdscaleMean+0.4+100,diabetes,3.78653085032763
cmdscalePca+0.4+100,glass,3.7073740794249
cmdscalePca+0.4+100,iris,3.6343369603355
cmdscalePca+0.4+100,diabetes,3.66729739992897
cmdscaleMean+0.4+100,glass,3.81288190496166
cmdscaleMean+0.4+100,iris,3.81481696039261
cmdscaleMean+0.4+100,diabetes,3.78574567386429
cmdscalePca+0.4+100,glass,3.71686096055996
cmdscalePca+0.4+100,iris,3.6798557590314
cmdscalePca+0.4+100,diabetes,3.64521996762707
cmdscaleMean+0.4+100,glass,3.81621262338134
cmdscaleMean+0.4+100,iris,3.81368984806799
cmdscaleMean+0.4+100,diabetes,3.78959711795229
cmdscalePca+0.4+100,glass,3.65417943919787
cmdscalePca+0.4+100,iris,3.6785103310584
cmdscalePca+0.4+100,diabetes,3.65090532641747
cmdscaleMean+0.4+100,glass,3.81800264237882
cmdscaleMean+0.4+100,iris,3.81419540677548
cmdscaleMean+0.4+100,diabetes,3.78822871691061
cmdscalePca+0.4+100,glass,3.65366616446878
cmdscalePca+0.4+100,iris,3.68335891691376
cmdscalePca+0.4+100,diabetes,3.63512928180648
cmdscaleMean+0.4+100,glass,3.81415515640516
cmdscaleMean+0.4+100,iris,3.81356399446391
cmdscaleMean+0.4+100,diabetes,3.78652531944329
cmdscalePca+0.4+100,glass,3.65780119846644
cmdscalePca+0.4+100,iris,3.63807487319883
cmdscalePca+0.4+100,diabetes,3.64926193641004
cmdscaleMean+0.5+100,glass,3.81065537068247
cmdscaleMean+0.5+100,iris,3.81650812390484
cmdscaleMean+0.5+100,diabetes,3.78775722857851
cmdscalePca+0.5+100,glass,3.67671891830134
cmdscalePca+0.5+100,iris,3.7154812659776
cmdscalePca+0.5+100,diabetes,3.65845499381829
cmdscaleMean+0.5+100,glass,3.81459500177363
cmdscaleMean+0.5+100,iris,3.81437827447335
cmdscaleMean+0.5+100,diabetes,3.78686814256385
cmdscalePca+0.5+100,glass,3.72836346302832
cmdscalePca+0.5+100,iris,3.48964159696735
cmdscalePca+0.5+100,diabetes,3.64866358406772
cmdscaleMean+0.5+100,glass,3.81767980784693
cmdscaleMean+0.5+100,iris,3.81600667761685
cmdscaleMean+0.5+100,diabetes,3.78946423601779
cmdscalePca+0.5+100,glass,3.69844122839716
cmdscalePca+0.5+100,iris,3.42721748574074
cmdscalePca+0.5+100,diabetes,3.63554096271402
cmdscaleMean+0.5+100,glass,3.81799079858409
cmdscaleMean+0.5+100,iris,3.81386598531929
cmdscaleMean+0.5+100,diabetes,3.79011448003734
cmdscalePca+0.5+100,glass,3.68644331602273
cmdscalePca+0.5+100,iris,3.67230012142327
cmdscalePca+0.5+100,diabetes,3.60962197390416
cmdscaleMean+0.5+100,glass,3.81345582470686
cmdscaleMean+0.5+100,iris,3.81646698368855
cmdscaleMean+0.5+100,diabetes,3.78907417981158
cmdscalePca+0.5+100,glass,3.64186610910706
cmdscalePca+0.5+100,iris,3.44057637423143
cmdscalePca+0.5+100,diabetes,3.6740288519005
cmdscaleMean+0.5+100,glass,3.81689165357545
cmdscaleMean+0.5+100,iris,3.81727689661289
cmdscaleMean+0.5+100,diabetes,3.78793513830017
cmdscalePca+0.5+100,glass,3.64714559588575
cmdscalePca+0.5+100,iris,3.67708846729321
cmdscalePca+0.5+100,diabetes,3.67213291992981
cmdscaleMean+0.5+100,glass,3.81728099160899
cmdscaleMean+0.5+100,iris,3.81504940806583
cmdscaleMean+0.5+100,diabetes,3.78649940312709
cmdscalePca+0.5+100,glass,3.66830896342582
cmdscalePca+0.5+100,iris,3.68217938179677
cmdscalePca+0.5+100,diabetes,3.63714013955653
cmdscaleMean+0.5+100,glass,3.81492866597999
cmdscaleMean+0.5+100,iris,3.81542892509097
cmdscaleMean+0.5+100,diabetes,3.78540598432749
cmdscalePca+0.5+100,glass,3.71870522891697
cmdscalePca+0.5+100,iris,3.69040300557779
cmdscalePca+0.5+100,diabetes,3.64390525956356
cmdscaleMean+0.5+100,glass,3.82036370337666
cmdscaleMean+0.5+100,iris,3.81361151914837
cmdscaleMean+0.5+100,diabetes,3.78484007962
cmdscalePca+0.5+100,glass,3.70383697515181
cmdscalePca+0.5+100,iris,3.70479971097647
cmdscalePca+0.5+100,diabetes,3.65036054000255
cmdscaleMean+0.5+100,glass,3.82011457727815
cmdscaleMean+0.5+100,iris,3.81695257446907
cmdscaleMean+0.5+100,diabetes,3.78465924344379
cmdscalePca+0.5+100,glass,3.70800371712139
cmdscalePca+0.5+100,iris,3.69787311129546
cmdscalePca+0.5+100,diabetes,3.63944814401066
cmdscaleMean+0.5+100,glass,3.82194368208951
cmdscaleMean+0.5+100,iris,3.81473488400541
cmdscaleMean+0.5+100,diabetes,3.79225475858744
cmdscalePca+0.5+100,glass,3.70566009862022
cmdscalePca+0.5+100,iris,3.50781085955975
cmdscalePca+0.5+100,diabetes,3.6312444034464
cmdscaleMean+0.6+100,glass,3.81867071198655
cmdscaleMean+0.6+100,iris,3.8145479109358
cmdscaleMean+0.6+100,diabetes,3.78551337798524
cmdscalePca+0.6+100,glass,3.71169754972616
cmdscalePca+0.6+100,iris,3.71260668589716
cmdscalePca+0.6+100,diabetes,3.64049214192012
cmdscaleMean+0.6+100,glass,3.81963960478284
cmdscaleMean+0.6+100,iris,3.81569302426584
cmdscaleMean+0.6+100,diabetes,3.79000399844638
cmdscalePca+0.6+100,glass,3.67174330343706
cmdscalePca+0.6+100,iris,3.74215180528586
cmdscalePca+0.6+100,diabetes,3.64665788453931
cmdscaleMean+0.6+100,glass,3.82220373278597
cmdscaleMean+0.6+100,iris,3.81626011628587
cmdscaleMean+0.6+100,diabetes,3.79067842540051
cmdscalePca+0.6+100,glass,3.73602862049762
cmdscalePca+0.6+100,iris,3.71546936279022
cmdscalePca+0.6+100,diabetes,3.64464032652225
cmdscaleMean+0.6+100,glass,3.8196456074874
cmdscaleMean+0.6+100,iris,3.81643917127883
cmdscaleMean+0.6+100,diabetes,3.78646008087968
cmdscalePca+0.6+100,glass,3.69622065230866
cmdscalePca+0.6+100,iris,3.69465573368634
cmdscalePca+0.6+100,diabetes,3.62559374083783
cmdscaleMean+0.6+100,glass,3.81876985162989
cmdscaleMean+0.6+100,iris,3.8154147513075
cmdscaleMean+0.6+100,diabetes,3.78729756413108
cmdscalePca+0.6+100,glass,3.73128070784134
cmdscalePca+0.6+100,iris,3.56046129917065
cmdscalePca+0.6+100,diabetes,3.62895076920631
cmdscaleMean+0.6+100,glass,3.82583682261592
cmdscaleMean+0.6+100,iris,3.81487767297244
cmdscaleMean+0.6+100,diabetes,3.78688621669675
cmdscalePca+0.6+100,glass,3.69310889754603
cmdscalePca+0.6+100,iris,3.63271151197433
cmdscalePca+0.6+100,diabetes,3.63993466992543
cmdscaleMean+0.6+100,glass,3.81923518627393
cmdscaleMean+0.6+100,iris,3.81570536181057
cmdscaleMean+0.6+100,diabetes,3.78973089649408
cmdscalePca+0.6+100,glass,3.7407410769494
cmdscalePca+0.6+100,iris,3.69319872015825
cmdscalePca+0.6+100,diabetes,3.62391397559804
cmdscaleMean+0.6+100,glass,3.82676339751208
cmdscaleMean+0.6+100,iris,3.81547485842551
cmdscaleMean+0.6+100,diabetes,3.78588240454207
cmdscalePca+0.6+100,glass,3.68518850284959
cmdscalePca+0.6+100,iris,3.67270781428678
cmdscalePca+0.6+100,diabetes,3.6374136846667
cmdscaleMean+0.6+100,glass,3.81846760235868
cmdscaleMean+0.6+100,iris,3.8145380140825
cmdscaleMean+0.6+100,diabetes,3.78985691476861
cmdscalePca+0.6+100,glass,3.75224453951612
cmdscalePca+0.6+100,iris,3.66445525350945
cmdscalePca+0.6+100,diabetes,3.61646488510301
cmdscaleMean+0.6+100,glass,3.81632237132699
cmdscaleMean+0.6+100,iris,3.81384403307665
cmdscaleMean+0.6+100,diabetes,3.78626971421664
cmdscalePca+0.6+100,glass,3.68714571030508
cmdscalePca+0.6+100,iris,3.63885068541867
cmdscalePca+0.6+100,diabetes,3.65215031155253
cmdscaleMean+0.6+100,glass,3.82895018922411
cmdscaleMean+0.6+100,iris,3.81442821808143
cmdscaleMean+0.6+100,diabetes,3.78889381798902
cmdscalePca+0.6+100,glass,3.67844318791347
cmdscalePca+0.6+100,iris,3.48553348840023
cmdscalePca+0.6+100,diabetes,3.64207400120153
cmdscaleMean+0.7+100,glass,3.82404093837514
cmdscaleMean+0.7+100,iris,3.81296485108656
cmdscaleMean+0.7+100,diabetes,3.78918630206103
cmdscalePca+0.7+100,glass,3.65093235713757
cmdscalePca+0.7+100,iris,3.62759257810895
cmdscalePca+0.7+100,diabetes,3.67988101775301
cmdscaleMean+0.7+100,glass,3.81746150230433
cmdscaleMean+0.7+100,iris,3.81157736122874
cmdscaleMean+0.7+100,diabetes,3.78867127996441
cmdscalePca+0.7+100,glass,3.66459466224459
cmdscalePca+0.7+100,iris,3.46887036801111
cmdscalePca+0.7+100,diabetes,3.64900628191484
cmdscaleMean+0.7+100,glass,3.82288629526043
cmdscaleMean+0.7+100,iris,3.81645705776176
cmdscaleMean+0.7+100,diabetes,3.78794995981959
cmdscalePca+0.7+100,glass,3.63567613083126
cmdscalePca+0.7+100,iris,3.67622429703275
cmdscalePca+0.7+100,diabetes,3.64210695764114
cmdscaleMean+0.7+100,glass,3.82234888676778
cmdscaleMean+0.7+100,iris,3.81358213588314
cmdscaleMean+0.7+100,diabetes,3.78687106571512
cmdscalePca+0.7+100,glass,3.65371560141325
cmdscalePca+0.7+100,iris,3.68042784933117
cmdscalePca+0.7+100,diabetes,3.65118303027418
cmdscaleMean+0.7+100,glass,3.82855952002218
cmdscaleMean+0.7+100,iris,3.81530779410349
cmdscaleMean+0.7+100,diabetes,3.7908340409894
cmdscalePca+0.7+100,glass,3.69206555055419
cmdscalePca+0.7+100,iris,3.50926672500156
cmdscalePca+0.7+100,diabetes,3.63618668828374
cmdscaleMean+0.7+100,glass,3.82468911736786
cmdscaleMean+0.7+100,iris,3.8167712207689
cmdscaleMean+0.7+100,diabetes,3.78739812199187
cmdscalePca+0.7+100,glass,3.72387085091666
cmdscalePca+0.7+100,iris,3.63869745872167
cmdscalePca+0.7+100,diabetes,3.62818964828895
cmdscaleMean+0.7+100,glass,3.81311074768654
cmdscaleMean+0.7+100,iris,3.81525768341873
cmdscaleMean+0.7+100,diabetes,3.78813646596255
cmdscalePca+0.7+100,glass,3.68791766420503
cmdscalePca+0.7+100,iris,3.66781508578846
cmdscalePca+0.7+100,diabetes,3.64269013237064
cmdscaleMean+0.7+100,glass,3.82439564756463
cmdscaleMean+0.7+100,iris,3.81149970889799
cmdscaleMean+0.7+100,diabetes,3.78492231195581
cmdscalePca+0.7+100,glass,3.70452816060902
cmdscalePca+0.7+100,iris,3.62597453468907
cmdscalePca+0.7+100,diabetes,3.64945184154376
cmdscaleMean+0.7+100,glass,3.81966445977621
cmdscaleMean+0.7+100,iris,3.81488361027646
cmdscaleMean+0.7+100,diabetes,3.78785537360902
cmdscalePca+0.7+100,glass,3.70039754467221
cmdscalePca+0.7+100,iris,3.71572404142521
cmdscalePca+0.7+100,diabetes,3.63792082347988
cmdscaleMean+0.7+100,glass,3.8282230296931
cmdscaleMean+0.7+100,iris,3.81674065055673
cmdscaleMean+0.7+100,diabetes,3.78529147526048
cmdscalePca+0.7+100,glass,3.66109195744105
cmdscalePca+0.7+100,iris,3.7136580177133
cmdscalePca+0.7+100,diabetes,3.64819316813052
cmdscaleMean+0.7+100,glass,3.82584118473069
cmdscaleMean+0.7+100,iris,3.81534380042019
cmdscaleMean+0.7+100,diabetes,3.78982240815864
cmdscalePca+0.7+100,glass,3.69374835046257
cmdscalePca+0.7+100,iris,3.64327873403636
cmdscalePca+0.7+100,diabetes,3.62061302566651
cmdscaleMean+0.8+100,glass,3.82143345617513
cmdscaleMean+0.8+100,iris,3.8148894542272
cmdscaleMean+0.8+100,diabetes,3.78770142278193
cmdscalePca+0.8+100,glass,3.68689833586908
cmdscalePca+0.8+100,iris,3.68188377885932
cmdscalePca+0.8+100,diabetes,3.61272700342893
cmdscaleMean+0.8+100,glass,3.82037509163064
cmdscaleMean+0.8+100,iris,3.81334638530377
cmdscaleMean+0.8+100,diabetes,3.78611258213361
cmdscalePca+0.8+100,glass,3.73536776123449
cmdscalePca+0.8+100,iris,3.69924039572754
cmdscalePca+0.8+100,diabetes,3.66914840282647
cmdscaleMean+0.8+100,glass,3.82997778566094
cmdscaleMean+0.8+100,iris,3.81879384819687
cmdscaleMean+0.8+100,diabetes,3.7880760278868
cmdscalePca+0.8+100,glass,3.72922495937715
cmdscalePca+0.8+100,iris,3.69433366592259
cmdscalePca+0.8+100,diabetes,3.64253538274629
cmdscaleMean+0.8+100,glass,3.81880591841212
cmdscaleMean+0.8+100,iris,3.81249937437541
cmdscaleMean+0.8+100,diabetes,3.78100291053078
cmdscalePca+0.8+100,glass,3.72267015755509
cmdscalePca+0.8+100,iris,3.47703753966547
cmdscalePca+0.8+100,diabetes,3.63046573370024
cmdscaleMean+0.8+100,glass,3.82022462322107
cmdscaleMean+0.8+100,iris,3.8159576334226
cmdscaleMean+0.8+100,diabetes,3.78663098869729
cmdscalePca+0.8+100,glass,3.68159862921357
cmdscalePca+0.8+100,iris,3.62423110178398
cmdscalePca+0.8+100,diabetes,3.63103640155574
cmdscaleMean+0.8+100,glass,3.82078774471462
cmdscaleMean+0.8+100,iris,3.8169927295181
cmdscaleMean+0.8+100,diabetes,3.78894592696671
cmdscalePca+0.8+100,glass,3.657072131068
cmdscalePca+0.8+100,iris,3.67090833647894
cmdscalePca+0.8+100,diabetes,3.64554622043654
cmdscaleMean+0.8+100,glass,3.82219655635479
cmdscaleMean+0.8+100,iris,3.81485587687868
cmdscaleMean+0.8+100,diabetes,3.78436911410527
cmdscalePca+0.8+100,glass,3.63919656132693
cmdscalePca+0.8+100,iris,3.66634175130078
cmdscalePca+0.8+100,diabetes,3.6421919647708
cmdscaleMean+0.8+100,glass,3.82503557401685
cmdscaleMean+0.8+100,iris,3.81387376477507
cmdscaleMean+0.8+100,diabetes,3.78729619782047
cmdscalePca+0.8+100,glass,3.71686358545074
cmdscalePca+0.8+100,iris,3.64870342149849
cmdscalePca+0.8+100,diabetes,3.64389555617471
cmdscaleMean+0.8+100,glass,3.82125507662277
cmdscaleMean+0.8+100,iris,3.81415238196192
cmdscaleMean+0.8+100,diabetes,3.78592230585606
cmdscalePca+0.8+100,glass,3.71261972931467
cmdscalePca+0.8+100,iris,3.67940866527911
cmdscalePca+0.8+100,diabetes,3.67664263723405
cmdscaleMean+0.8+100,glass,3.81760969887971
cmdscaleMean+0.8+100,iris,3.8134398058958
cmdscaleMean+0.8+100,diabetes,3.78692419773521
cmdscalePca+0.8+100,glass,3.67852850163046
cmdscalePca+0.8+100,iris,3.64111896494622
cmdscalePca+0.8+100,diabetes,3.67331505634694
cmdscaleMean+0.8+100,glass,3.81984591984735
cmdscaleMean+0.8+100,iris,3.81492581730624
cmdscaleMean+0.8+100,diabetes,3.7884087191087
cmdscalePca+0.8+100,glass,3.66319643561594
cmdscalePca+0.8+100,iris,3.59996821177887
cmdscalePca+0.8+100,diabetes,3.61772252979878
cmdscaleMean+0.9+100,glass,3.81639371259358
cmdscaleMean+0.9+100,iris,3.81372745222758
cmdscaleMean+0.9+100,diabetes,3.78516593164797
cmdscalePca+0.9+100,glass,3.69207318007849
cmdscalePca+0.9+100,iris,3.66620123922372
cmdscalePca+0.9+100,diabetes,3.64851778379335
cmdscaleMean+0.9+100,glass,3.81886944050815
cmdscaleMean+0.9+100,iris,3.81437856773069
cmdscaleMean+0.9+100,diabetes,3.78431608301619
cmdscalePca+0.9+100,glass,3.66174742957353
cmdscalePca+0.9+100,iris,3.65840195896705
cmdscalePca+0.9+100,diabetes,3.60414534101171
cmdscaleMean+0.9+100,glass,3.81998452201394
cmdscaleMean+0.9+100,iris,3.81259082117618
cmdscaleMean+0.9+100,diabetes,3.78802164916346
cmdscalePca+0.9+100,glass,3.71338667843588
cmdscalePca+0.9+100,iris,3.67336550313113
cmdscalePca+0.9+100,diabetes,3.64747521558123
cmdscaleMean+0.9+100,glass,3.81934681601583
cmdscaleMean+0.9+100,iris,3.81656503933417
cmdscaleMean+0.9+100,diabetes,3.78687010857923
cmdscalePca+0.9+100,glass,3.71313372986819
cmdscalePca+0.9+100,iris,3.70791903193119
cmdscalePca+0.9+100,diabetes,3.64920719321652
cmdscaleMean+0.9+100,glass,3.82267531635185
cmdscaleMean+0.9+100,iris,3.81619916074712
cmdscaleMean+0.9+100,diabetes,3.78953152538277
cmdscalePca+0.9+100,glass,3.68044024201072
cmdscalePca+0.9+100,iris,3.54475827446437
cmdscalePca+0.9+100,diabetes,3.63054578186387
cmdscaleMean+0.9+100,glass,3.82375975554586
cmdscaleMean+0.9+100,iris,3.81525004175297
cmdscaleMean+0.9+100,diabetes,3.78303301247674
cmdscalePca+0.9+100,glass,3.70466196831567
cmdscalePca+0.9+100,iris,3.66185267537115
cmdscalePca+0.9+100,diabetes,3.6645216607946
cmdscaleMean+0.9+100,glass,3.82272718353255
cmdscaleMean+0.9+100,iris,3.80939796310326
cmdscaleMean+0.9+100,diabetes,3.78630139039064
cmdscalePca+0.9+100,glass,3.7294091846793
cmdscalePca+0.9+100,iris,3.64907988290482
cmdscalePca+0.9+100,diabetes,3.64796582731522
cmdscaleMean+0.9+100,glass,3.8155161201916
cmdscaleMean+0.9+100,iris,3.81339233132268
cmdscaleMean+0.9+100,diabetes,3.78594904334899
cmdscalePca+0.9+100,glass,3.65877541535634
cmdscalePca+0.9+100,iris,3.6638727310118
cmdscalePca+0.9+100,diabetes,3.67406917292696
cmdscaleMean+0.9+100,glass,3.81841419976911
cmdscaleMean+0.9+100,iris,3.81456443425872
cmdscaleMean+0.9+100,diabetes,3.78788270099304
cmdscalePca+0.9+100,glass,3.61992898655246
cmdscalePca+0.9+100,iris,3.5660238074204
cmdscalePca+0.9+100,diabetes,3.59956677635774
cmdscaleMean+0.9+100,glass,3.81698936788223
cmdscaleMean+0.9+100,iris,3.81319278878746
cmdscaleMean+0.9+100,diabetes,3.78371954717183
cmdscalePca+0.9+100,glass,3.60314433371843
cmdscalePca+0.9+100,iris,3.65680937869526
cmdscalePca+0.9+100,diabetes,3.66044705579578
cmdscaleMean+0.9+100,glass,3.83260731185292
cmdscaleMean+0.9+100,iris,3.81332041382927
cmdscaleMean+0.9+100,diabetes,3.78640828752125
cmdscalePca+0.9+100,glass,3.64540492284148
cmdscalePca+0.9+100,iris,3.68616445021472
cmdscalePca+0.9+100,diabetes,3.66153521228119
cmdscaleMean+1+100,glass,3.81239868128325
cmdscaleMean+1+100,iris,3.81448186591529
cmdscaleMean+1+100,diabetes,3.78435304103628
cmdscalePca+1+100,glass,3.72780297856713
cmdscalePca+1+100,iris,3.69735775909353
cmdscalePca+1+100,diabetes,3.57830594116039
cmdscaleMean+1+100,glass,3.81631909697818
cmdscaleMean+1+100,iris,3.81519228976989
cmdscaleMean+1+100,diabetes,3.78425800234211
cmdscalePca+1+100,glass,3.69813497926786
cmdscalePca+1+100,iris,3.69831044073049
cmdscalePca+1+100,diabetes,3.66147773334347
cmdscaleMean+1+100,glass,3.82507294716547
cmdscaleMean+1+100,iris,3.81558513288755
cmdscaleMean+1+100,diabetes,3.78766354213877
cmdscalePca+1+100,glass,3.7209499912099
cmdscalePca+1+100,iris,3.62999155801262
cmdscalePca+1+100,diabetes,3.66490346651961
cmdscaleMean+1+100,glass,3.81581124033369
cmdscaleMean+1+100,iris,3.81387950171281
cmdscaleMean+1+100,diabetes,3.78268542693236
cmdscalePca+1+100,glass,3.57892702957366
cmdscalePca+1+100,iris,3.71352713710678
cmdscalePca+1+100,diabetes,3.65953992726766
cmdscaleMean+1+100,glass,3.81927336045372
cmdscaleMean+1+100,iris,3.81373257358469
cmdscaleMean+1+100,diabetes,3.78561003529172
cmdscalePca+1+100,glass,3.69649841493813
cmdscalePca+1+100,iris,3.6918415972731
cmdscalePca+1+100,diabetes,3.66063794048307
cmdscaleMean+1+100,glass,3.81697087797335
cmdscaleMean+1+100,iris,3.81223398275422
cmdscaleMean+1+100,diabetes,3.78724942464881
cmdscalePca+1+100,glass,3.72345326856347
cmdscalePca+1+100,iris,3.58561187516505
cmdscalePca+1+100,diabetes,3.63342602812844
cmdscaleMean+1+100,glass,3.81947796417434
cmdscaleMean+1+100,iris,3.81438216428875
cmdscaleMean+1+100,diabetes,3.7868244537461
cmdscalePca+1+100,glass,3.65008792904242
cmdscalePca+1+100,iris,3.68342950334644
cmdscalePca+1+100,diabetes,3.67360128337955
cmdscaleMean+1+100,glass,3.81899677815711
cmdscaleMean+1+100,iris,3.81301111942783
cmdscaleMean+1+100,diabetes,3.7876372553662
cmdscalePca+1+100,glass,3.63446025366441
cmdscalePca+1+100,iris,3.69061248454652
cmdscalePca+1+100,diabetes,3.64782660602431
cmdscaleMean+1+100,glass,3.82288333920133
cmdscaleMean+1+100,iris,3.81138990022737
cmdscaleMean+1+100,diabetes,3.78351228059518
cmdscalePca+1+100,glass,3.692658527695
cmdscalePca+1+100,iris,3.66237283662724
cmdscalePca+1+100,diabetes,3.62598504953706
cmdscaleMean+1+100,glass,3.82116834685427
cmdscaleMean+1+100,iris,3.80767499389202
cmdscaleMean+1+100,diabetes,3.78571606442066
cmdscalePca+1+100,glass,3.74251274171442
cmdscalePca+1+100,iris,3.6737336303049
cmdscalePca+1+100,diabetes,3.63909889382172
cmdscaleMean+1+100,glass,3.81852623944488
cmdscaleMean+1+100,iris,3.81346942307327
cmdscaleMean+1+100,diabetes,3.78722858740393
cmdscalePca+1+100,glass,3.66778038763183
cmdscalePca+1+100,iris,3.70374845064522
cmdscalePca+1+100,diabetes,3.63209483264463
